{
    "date": "2025-04-03T04:38:58.849588",
    "files": [
        {
            "contentEncoding": "br",
            "contentType": "text/markdown",
            "hash": "b7565805b8c14cbd0a903b8e92ecb69b",
            "path": "README.md"
        },
        {
            "contentEncoding": "br",
            "contentType": "image/svg+xml",
            "hash": "b11a09613a0495d7f0ddd5f16050cde9",
            "path": "assets/Python-logo-notext.svg"
        },
        {
            "contentEncoding": "br",
            "contentType": "image/svg+xml",
            "hash": "3a80870dcf06a79d28691405eb1f0455",
            "path": "assets/pypi.svg"
        },
        {
            "contentEncoding": "br",
            "contentType": "image/svg+xml",
            "hash": "3c25552ebb0d1e4131e76ed5b515d148",
            "path": "assets/fa-thumbtack.svg"
        },
        {
            "contentEncoding": "br",
            "contentType": "text/css",
            "hash": "82e141e51a4651afba2c8af654d82015",
            "path": "assets/mkdocs-light.css"
        },
        {
            "contentEncoding": "br",
            "contentType": "text/css",
            "hash": "f5947b2e6c5775138453838d82b614fa",
            "path": "assets/notebook.css"
        },
        {
            "contentEncoding": "br",
            "contentType": "application/octet-stream",
            "hash": "060ef292e28b2e7397ecd02d690d7880",
            "path": "assets/mkdocs-light.css.map"
        },
        {
            "contentEncoding": "br",
            "contentType": "image/svg+xml",
            "hash": "8940ff6aab6623eed12df0883ea22ea9",
            "path": "assets/fa-css3-alt.svg"
        },
        {
            "contentEncoding": "br",
            "contentType": "image/svg+xml",
            "hash": "2cecdb061ba9eab1aaa7050e1c266b1a",
            "path": "assets/fa-network-wired.svg"
        },
        {
            "contentEncoding": "br",
            "contentType": "text/markdown",
            "hash": "6204317bf55149797f08a2f88063299a",
            "path": "assets/indexAPIdoc.md"
        },
        {
            "contentEncoding": "br",
            "contentType": "text/css",
            "hash": "11c35c2e6fe692b193e8c0f45202e178",
            "path": "assets/mkdocs-ts.css"
        },
        {
            "contentEncoding": "br",
            "contentType": "image/svg+xml",
            "hash": "4540fabd64041ea214ae19f1444f5e19",
            "path": "assets/mit.svg"
        },
        {
            "contentEncoding": "identity",
            "contentType": "image/png",
            "hash": "37399689c0b837b114e37ed51cb32902",
            "path": "assets/JavaScript-logo.png"
        },
        {
            "contentEncoding": "br",
            "contentType": "image/svg+xml",
            "hash": "188dd76008c7b45e4bc15b34b0512cf9",
            "path": "assets/mkdocs-ts.svg"
        },
        {
            "contentEncoding": "br",
            "contentType": "image/svg+xml",
            "hash": "f9b2611d7f2b5e64db0aa2489ff5999d",
            "path": "assets/npm.svg"
        },
        {
            "contentEncoding": "br",
            "contentType": "text/css",
            "hash": "0049ac3ae906db77ab3ca1141550a71e",
            "path": "assets/ts-typedoc.css"
        },
        {
            "contentEncoding": "br",
            "contentType": "image/svg+xml",
            "hash": "75adc7b242bf9172ec40592cb2bfe6c9",
            "path": "assets/github.svg"
        },
        {
            "contentEncoding": "br",
            "contentType": "application/json",
            "hash": "6afc49c2d93ce46e7a0ba6a6f9a7086c",
            "path": "package.json"
        },
        {
            "contentEncoding": "br",
            "contentType": "text/html",
            "hash": "67ff9e20fdfca0f67564feb9ce9b1878",
            "path": "dist/bundle-analysis-Notebook.html"
        },
        {
            "contentEncoding": "br",
            "contentType": "text/javascript",
            "hash": "b3f748fe8de63fe74b19a944dcc7f74f",
            "path": "dist/Notebook.js"
        },
        {
            "contentEncoding": "br",
            "contentType": "text/vnd.trolltech.linguist",
            "hash": "bf3ce55798f9d3deeb7e3c421efe098e",
            "path": "dist/webpack.config.d.ts"
        },
        {
            "contentEncoding": "br",
            "contentType": "text/javascript",
            "hash": "d5c19c83bfebb171ea912af025665775",
            "path": "dist/CodeApi.js"
        },
        {
            "contentEncoding": "br",
            "contentType": "application/octet-stream",
            "hash": "d76f4f254df6dfd6e73006650e4e7fa2",
            "path": "dist/CodeApi.js.map"
        },
        {
            "contentEncoding": "br",
            "contentType": "application/octet-stream",
            "hash": "2d27d3d114ff20a91ca4dee3b3e33a05",
            "path": "dist/Notebook.js.map"
        },
        {
            "contentEncoding": "br",
            "contentType": "text/html",
            "hash": "52db9c784ac98be2fd66b74b857d28b7",
            "path": "dist/bundle-analysis.html"
        },
        {
            "contentEncoding": "br",
            "contentType": "text/vnd.trolltech.linguist",
            "hash": "2f0aa004b15580a7bcb1fafdae112d27",
            "path": "dist/jest.config.d.ts"
        },
        {
            "contentEncoding": "br",
            "contentType": "text/javascript",
            "hash": "f5818f8553732da7dd6e3b094b672e73",
            "path": "dist/mkdocs-ts.js"
        },
        {
            "contentEncoding": "br",
            "contentType": "text/vnd.trolltech.linguist",
            "hash": "8e9792433f82d87ef0d18ea6404b0b99",
            "path": "dist/rx-vdom.config.d.ts"
        },
        {
            "contentEncoding": "br",
            "contentType": "text/html",
            "hash": "23180d529e36f726774d0d7a0a1370f9",
            "path": "dist/bundle-analysis-CodeApi.html"
        },
        {
            "contentEncoding": "br",
            "contentType": "application/octet-stream",
            "hash": "2b596d37ed2a30ffdd50e46203d03208",
            "path": "dist/mkdocs-ts.js.map"
        }
    ],
    "fingerprint": "73681e71e99b1b03b8ce2b95b12c4d05",
    "w3Version": "0.1.13.dev"
}