{
    "distribution": {
        "artifacts": [
            "dist"
        ],
        "files": {
            "ignore": [],
            "include": [
                "assets/*",
                "README.md"
            ]
        }
    },
    "metadata": {
        "description": "Typescript based mkdocs like solution",
        "displayName": null,
        "documentation": "/apps/@mkdocs-ts/doc/0.3.2-wip",
        "icon": "/assets/mkdocs-ts.svg",
        "license": null,
        "readme": "/README.md"
    },
    "name": "mkdocs-ts",
    "specification": {
        "dependencies": {
            "@w3nest/http-clients": "^0.1.5",
            "@w3nest/rx-tree-views": "^0.2.0",
            "@w3nest/webpm-client": "^0.1.4",
            "codemirror": "^5.52.0",
            "esprima": "^4.0.1",
            "highlight.js": "11.2.0",
            "marked": "^4.2.3",
            "rx-vdom": "^0.1.3",
            "rxjs": "^7.5.6"
        },
        "exports": [
            {
                "aliases": [],
                "dependencies": [
                    "rx-vdom",
                    "@w3nest/http-clients"
                ],
                "entryPoint": "./dist/CodeApi.js",
                "name": "./CodeApi",
                "stylesheets": []
            },
            {
                "aliases": [],
                "dependencies": [
                    "rx-vdom",
                    "rxjs",
                    "@w3nest/rx-tree-views",
                    "esprima"
                ],
                "entryPoint": "./dist/Notebook.js",
                "name": "./Notebook",
                "stylesheets": []
            }
        ],
        "kind": "esm",
        "main": {
            "aliases": [],
            "dependencies": [
                "rx-vdom",
                "@w3nest/webpm-client",
                "rxjs",
                "marked",
                "highlight.js",
                "@w3nest/rx-tree-views"
            ],
            "entryPoint": "./dist/mkdocs-ts.js",
            "name": ".",
            "stylesheets": []
        }
    },
    "version": "0.3.2-wip"
}