{"date": "2024-07-15T10:58:50.613763", "ywVersion": "0.1.12.dev", "files": [{"path": "junit.xml", "contentEncoding": "identity", "contentType": "application/octet-stream", "hash": "a33e7494e5f81613addfaa08650705f6"}, {"path": "LICENSE", "contentEncoding": "identity", "contentType": "application/octet-stream", "hash": "34608a2d06befbdcce3c89991f2a4bfc"}, {"path": "package.json", "contentEncoding": "identity", "contentType": "application/json", "hash": "e48cc24b1ae25aeacaa5a86fc7b33ce4"}, {"path": "webpack.config.ts", "contentEncoding": "identity", "contentType": "application/octet-stream", "hash": "e6af2970d667c172a969d6ed614f0e8a"}, {"path": "codemirror.css", "contentEncoding": "br", "contentType": "text/css", "hash": "fc217d502b05f65616356459c0ec1d62"}, {"path": ".npmignore", "contentEncoding": "identity", "contentType": "application/octet-stream", "hash": "3041726ea881f9747a6127af0d23c5a3"}, {"path": ".gitignore", "contentEncoding": "identity", "contentType": "application/octet-stream", "hash": "eeea8f8570754c57a2330d857ea7100e"}, {"path": "template.py", "contentEncoding": "identity", "contentType": "application/octet-stream", "hash": "044baca72353d2b25db0a9bc962586d5"}, {"path": "yarn.lock", "contentEncoding": "identity", "contentType": "application/octet-stream", "hash": "dfd5f8ac8bdd5cd91ac6f48e267aca96"}, {"path": ".prettierignore", "contentEncoding": "identity", "contentType": "application/octet-stream", "hash": "13f21584a60ba70bf72fd541b790bc63"}, {"path": "codemirror.min.css", "contentEncoding": "br", "contentType": "text/css", "hash": "fc5b507eb53b2808c6373dc8336a2ec3"}, {"path": "jest.config.ts", "contentEncoding": "identity", "contentType": "application/octet-stream", "hash": "d6d62281fb1e002b9ba1a9b4a6ed5ec9"}, {"path": "README.md", "contentEncoding": "identity", "contentType": "application/octet-stream", "hash": "9a6d0d3877d44183f40bb6e5e0ab0991"}, {"path": "tsconfig.json", "contentEncoding": "identity", "contentType": "application/json", "hash": "2b48a316ff32af602056330be0d72ddb"}, {"path": "dist/webpack.config.d.ts", "contentEncoding": "identity", "contentType": "application/octet-stream", "hash": "7d1d390bf2a3052b887909ca262405df"}, {"path": "dist/codemirror.js.map", "contentEncoding": "br", "contentType": "application/javascript;charset=UTF-8", "hash": "0a4b9ecfa5d1ff9e44fd0282c16aec9c"}, {"path": "dist/bundle-analysis.html", "contentEncoding": "identity", "contentType": "text/html", "hash": "65a602f4abea64a396202519deeff184"}, {"path": "dist/jest.config.d.ts", "contentEncoding": "identity", "contentType": "application/octet-stream", "hash": "2f0aa004b15580a7bcb1fafdae112d27"}, {"path": "dist/codemirror.js", "contentEncoding": "br", "contentType": "application/javascript;charset=UTF-8", "hash": "bc5328eaf2053bdaf239297cebd4aadd"}, {"path": "src/index.ts", "contentEncoding": "identity", "contentType": "application/octet-stream", "hash": "b56fcec78bca3e29f6855464b3416c81"}, {"path": "src/auto-generated.ts", "contentEncoding": "identity", "contentType": "application/octet-stream", "hash": "230abf0a7bd80f0386f5ecc756be9d73"}, {"path": "theme/xq-dark.css", "contentEncoding": "br", "contentType": "text/css", "hash": "3de4363e29db5a4e58e8bb3e6d23fee8"}, {"path": "theme/ttcn.css", "contentEncoding": "br", "contentType": "text/css", "hash": "81cd4e786c819d0af356740e5024e453"}, {"path": "theme/3024-day.css", "contentEncoding": "br", "contentType": "text/css", "hash": "73c8f41583b4b71dbe1e5eac5c96f1a9"}, {"path": "theme/hopscotch.css", "contentEncoding": "br", "contentType": "text/css", "hash": "b924ed31af30b1c68e5a01fc3c9b0553"}, {"path": "theme/eclipse.css", "contentEncoding": "br", "contentType": "text/css", "hash": "1e58608d9e179397a43f51d8973f647f"}, {"path": "theme/shadowfox.css", "contentEncoding": "br", "contentType": "text/css", "hash": "04f429186495a99c1d69e82b361a747c"}, {"path": "theme/paraiso-light.css", "contentEncoding": "br", "contentType": "text/css", "hash": "e245bbfd22b4f61efe526ff13903f19e"}, {"path": "theme/yonce.css", "contentEncoding": "br", "contentType": "text/css", "hash": "76a77ae36b82353c301f47c573052b66"}, {"path": "theme/panda-syntax.css", "contentEncoding": "br", "contentType": "text/css", "hash": "9ca57cb364b1c72cd8f15603425f0df1"}, {"path": "theme/material-ocean.css", "contentEncoding": "br", "contentType": "text/css", "hash": "fd2c53a0057c36df05f00d6cd73191cd"}, {"path": "theme/cobalt.css", "contentEncoding": "br", "contentType": "text/css", "hash": "3428fab27f67b7795284457d84c3b1b9"}, {"path": "theme/dracula.css", "contentEncoding": "br", "contentType": "text/css", "hash": "41905bdb70daf702a6089a4b094e3e21"}, {"path": "theme/rubyblue.css", "contentEncoding": "br", "contentType": "text/css", "hash": "7e608c21084c30b01de49c3e4eca05fc"}, {"path": "theme/blackboard.min.css", "contentEncoding": "br", "contentType": "text/css", "hash": "0a87e69127bf6c6b63fee324176dfcbe"}, {"path": "theme/twilight.css", "contentEncoding": "br", "contentType": "text/css", "hash": "4c9c1070a2d03127c217f39bcb5a9c33"}, {"path": "theme/blackboard.css", "contentEncoding": "br", "contentType": "text/css", "hash": "cf9366960ff65c8101793bc64fe13e88"}, {"path": "theme/material-palenight.css", "contentEncoding": "br", "contentType": "text/css", "hash": "c7f1232b8e8d8894ce9a4b3556574742"}, {"path": "theme/nord.css", "contentEncoding": "br", "contentType": "text/css", "hash": "cf1d3224d0e1272d96a0395368f26430"}, {"path": "theme/night.css", "contentEncoding": "br", "contentType": "text/css", "hash": "fb6733bae4b418acc71e54423a8cce6f"}, {"path": "theme/lucario.css", "contentEncoding": "br", "contentType": "text/css", "hash": "e1d25281a0300914a8f3b2ee9f2a5b58"}, {"path": "theme/ambiance.css", "contentEncoding": "br", "contentType": "text/css", "hash": "8996c0efee66bcc2fe2f52763b9da6e8"}, {"path": "theme/vibrant-ink.css", "contentEncoding": "br", "contentType": "text/css", "hash": "62e4abf3c908bbcdae55bc270b942801"}, {"path": "theme/moxer.css", "contentEncoding": "br", "contentType": "text/css", "hash": "0e71eed5ad381591e741745d092039f8"}, {"path": "theme/liquibyte.css", "contentEncoding": "br", "contentType": "text/css", "hash": "f9b47b8807f6472cb292114e0e69edf5"}, {"path": "theme/isotope.css", "contentEncoding": "br", "contentType": "text/css", "hash": "7bb44bff5190c427de5ae750d6369633"}, {"path": "theme/abcdef.css", "contentEncoding": "br", "contentType": "text/css", "hash": "b58c93881a92a0991d427679181aa6b2"}, {"path": "theme/colorforth.css", "contentEncoding": "br", "contentType": "text/css", "hash": "a4497729649571f95f2fbd660fc3e0f7"}, {"path": "theme/zenburn.css", "contentEncoding": "br", "contentType": "text/css", "hash": "94ad50bf3d048ed92cc513cd901dc685"}, {"path": "theme/neo.css", "contentEncoding": "br", "contentType": "text/css", "hash": "2886072b53043c167e6f8765606c705c"}, {"path": "theme/mdn-like.css", "contentEncoding": "br", "contentType": "text/css", "hash": "07c2ae05cb4ae14d5445b543aca4b789"}, {"path": "theme/monokai.css", "contentEncoding": "br", "contentType": "text/css", "hash": "01f520b8bd3533f2ca06b6dc4a0886b7"}, {"path": "theme/duotone-dark.css", "contentEncoding": "br", "contentType": "text/css", "hash": "8c1e7bcddd0ffe9049941a5983cca37f"}, {"path": "theme/tomorrow-night-eighties.css", "contentEncoding": "br", "contentType": "text/css", "hash": "5ceb5531fbe074d5190b55e8c725051e"}, {"path": "theme/idea.css", "contentEncoding": "br", "contentType": "text/css", "hash": "ff87f4fad8fa110765f12d5af30aca66"}, {"path": "theme/gruvbox-dark.css", "contentEncoding": "br", "contentType": "text/css", "hash": "2a76022ff4c347a04c566df8a3ffbd96"}, {"path": "theme/blackboard.min.css.map", "contentEncoding": "br", "contentType": "text/css", "hash": "1438123d4c6db5e82c1c6dee99743ac9"}, {"path": "theme/eclipse.min.css.map", "contentEncoding": "br", "contentType": "text/css", "hash": "4bb45103618691615919bd31b582f279"}, {"path": "theme/ssms.css", "contentEncoding": "br", "contentType": "text/css", "hash": "02ff81d8fbd29d5aa6f205452440da4c"}, {"path": "theme/paraiso-dark.css", "contentEncoding": "br", "contentType": "text/css", "hash": "3c24cee0dfac767713840b24e8359c99"}, {"path": "theme/railscasts.css", "contentEncoding": "br", "contentType": "text/css", "hash": "a5e7682d89da46244e5464d9572e24d8"}, {"path": "theme/material.css", "contentEncoding": "br", "contentType": "text/css", "hash": "a40a918802530d402db8e194bab31ba7"}, {"path": "theme/duotone-light.css", "contentEncoding": "br", "contentType": "text/css", "hash": "8f5b2f0dfd4c6f38fd753b7d87954868"}, {"path": "theme/cobalt.min.css", "contentEncoding": "br", "contentType": "text/css", "hash": "cb6feaeac7af570a476b2442b8fee97d"}, {"path": "theme/ayu-dark.css", "contentEncoding": "br", "contentType": "text/css", "hash": "3e94a83580af1936a6ad6b38ccaf6621"}, {"path": "theme/ambiance-mobile.css", "contentEncoding": "br", "contentType": "text/css", "hash": "256f2dd130b80c6afaa40fddf700d12a"}, {"path": "theme/lesser-dark.css", "contentEncoding": "br", "contentType": "text/css", "hash": "d10b455f6c2790a9889755cd089d4137"}, {"path": "theme/pastel-on-dark.css", "contentEncoding": "br", "contentType": "text/css", "hash": "4066167a1a40fdb6a2b80f56dc8060dd"}, {"path": "theme/elegant.css", "contentEncoding": "br", "contentType": "text/css", "hash": "0a4227e805a9d5f73a55dd248c1b052d"}, {"path": "theme/darcula.css", "contentEncoding": "br", "contentType": "text/css", "hash": "c87f6374b9e4d49dfea1d5c8b3a4ebfc"}, {"path": "theme/base16-dark.css", "contentEncoding": "br", "contentType": "text/css", "hash": "84b6347918411d58d7f9b65a7ee87f65"}, {"path": "theme/solarized.css", "contentEncoding": "br", "contentType": "text/css", "hash": "851ad806585c974aa204793b40b49f7f"}, {"path": "theme/base16-light.css", "contentEncoding": "br", "contentType": "text/css", "hash": "9c40338a652bd2293c35eab3c2cadab4"}, {"path": "theme/seti.css", "contentEncoding": "br", "contentType": "text/css", "hash": "225db574f347785986fe6bff476ccc49"}, {"path": "theme/material-darker.css", "contentEncoding": "br", "contentType": "text/css", "hash": "ec3bed26db530efd410358b94032d9c5"}, {"path": "theme/eclipse.min.css", "contentEncoding": "br", "contentType": "text/css", "hash": "11b7580851e6d7a7bfdefff1983ad7bb"}, {"path": "theme/midnight.css", "contentEncoding": "br", "contentType": "text/css", "hash": "2696d4e2830c1bf32e17b49727cee186"}, {"path": "theme/erlang-dark.css", "contentEncoding": "br", "contentType": "text/css", "hash": "ff1cf820cb27d21dc9c5b65cab7c4a8c"}, {"path": "theme/bespin.css", "contentEncoding": "br", "contentType": "text/css", "hash": "cc414e4ec18bc89b3c79935b0e27fc20"}, {"path": "theme/tomorrow-night-bright.css", "contentEncoding": "br", "contentType": "text/css", "hash": "777d36e1c5bbfeb3bf2ca8dd607eee93"}, {"path": "theme/mbo.css", "contentEncoding": "br", "contentType": "text/css", "hash": "55ff4bdd8a92c3dcbfd5421c532b3059"}, {"path": "theme/3024-night.css", "contentEncoding": "br", "contentType": "text/css", "hash": "745180be9a932f24c6c0dd4ebdf5a0ed"}, {"path": "theme/oceanic-next.css", "contentEncoding": "br", "contentType": "text/css", "hash": "677084b334831e83d67ff7413a83bd2e"}, {"path": "theme/xq-light.css", "contentEncoding": "br", "contentType": "text/css", "hash": "3d6e922075daca6b0f8cace5c4a441af"}, {"path": "theme/ayu-mirage.css", "contentEncoding": "br", "contentType": "text/css", "hash": "048659c7669ab4ac3c418e4aee533e32"}, {"path": "theme/cobalt.min.css.map", "contentEncoding": "br", "contentType": "text/css", "hash": "7d0e29937558937c614fd5fe5c587aba"}, {"path": "theme/yeti.css", "contentEncoding": "br", "contentType": "text/css", "hash": "ca86cdbcc6672dbc7ef69007c9a37fc1"}, {"path": "theme/neat.css", "contentEncoding": "br", "contentType": "text/css", "hash": "6b19894b9787c6791c250a95d0d4f8d6"}, {"path": "theme/the-matrix.css", "contentEncoding": "br", "contentType": "text/css", "hash": "3cc8ba485ddf4f8b7128debab1c664d4"}, {"path": "theme/icecoder.css", "contentEncoding": "br", "contentType": "text/css", "hash": "75c94576d53c64cc92cd84f4ca2db274"}, {"path": "mode/gfm.min.js", "contentEncoding": "br", "contentType": "application/javascript;charset=UTF-8", "hash": "f28d4dbac996a92f87650ae49c3cc810"}, {"path": "mode/htmlmixed.min.js", "contentEncoding": "br", "contentType": "application/javascript;charset=UTF-8", "hash": "6a1152dc8da0930502e252bf7985c070"}, {"path": "mode/xml.min.js", "contentEncoding": "br", "contentType": "application/javascript;charset=UTF-8", "hash": "8df163daa27eb8a806eed9d767760f49"}, {"path": "mode/meta.js", "contentEncoding": "br", "contentType": "application/javascript;charset=UTF-8", "hash": "cf87942da5ba095680a042e9ce116637"}, {"path": "mode/python.min.js", "contentEncoding": "br", "contentType": "application/javascript;charset=UTF-8", "hash": "68fc8b2f213312c9ef1318ed8fe482d7"}, {"path": "mode/yaml.min.js", "contentEncoding": "br", "contentType": "application/javascript;charset=UTF-8", "hash": "f37d0393e78997acc3f9b65fcd82fff9"}, {"path": "mode/markdown.min.js", "contentEncoding": "br", "contentType": "application/javascript;charset=UTF-8", "hash": "f08cbd50ce35895f0619d2ba47274353"}, {"path": "mode/css.min.js", "contentEncoding": "br", "contentType": "application/javascript;charset=UTF-8", "hash": "cc684116d7236bd8b2afb247c71d7d02"}, {"path": "mode/javascript.min.js", "contentEncoding": "br", "contentType": "application/javascript;charset=UTF-8", "hash": "85eef513dba578a3a7db413313b65e3e"}, {"path": "backward_assets/theme/blackboard.min.css", "contentEncoding": "br", "contentType": "text/css", "hash": "0a87e69127bf6c6b63fee324176dfcbe"}, {"path": "backward_assets/theme/blackboard.min.css.map", "contentEncoding": "br", "contentType": "text/css", "hash": "1438123d4c6db5e82c1c6dee99743ac9"}, {"path": "backward_assets/theme/eclipse.min.css.map", "contentEncoding": "br", "contentType": "text/css", "hash": "4bb45103618691615919bd31b582f279"}, {"path": "backward_assets/theme/cobalt.min.css", "contentEncoding": "br", "contentType": "text/css", "hash": "cb6feaeac7af570a476b2442b8fee97d"}, {"path": "backward_assets/theme/eclipse.min.css", "contentEncoding": "br", "contentType": "text/css", "hash": "11b7580851e6d7a7bfdefff1983ad7bb"}, {"path": "backward_assets/theme/cobalt.min.css.map", "contentEncoding": "br", "contentType": "text/css", "hash": "7d0e29937558937c614fd5fe5c587aba"}, {"path": "backward_assets/mode/gfm.min.js", "contentEncoding": "br", "contentType": "application/javascript;charset=UTF-8", "hash": "f28d4dbac996a92f87650ae49c3cc810"}, {"path": "backward_assets/mode/htmlmixed.min.js", "contentEncoding": "br", "contentType": "application/javascript;charset=UTF-8", "hash": "6a1152dc8da0930502e252bf7985c070"}, {"path": "backward_assets/mode/xml.min.js", "contentEncoding": "br", "contentType": "application/javascript;charset=UTF-8", "hash": "8df163daa27eb8a806eed9d767760f49"}, {"path": "backward_assets/mode/python.min.js", "contentEncoding": "br", "contentType": "application/javascript;charset=UTF-8", "hash": "68fc8b2f213312c9ef1318ed8fe482d7"}, {"path": "backward_assets/mode/yaml.min.js", "contentEncoding": "br", "contentType": "application/javascript;charset=UTF-8", "hash": "f37d0393e78997acc3f9b65fcd82fff9"}, {"path": "backward_assets/mode/markdown.min.js", "contentEncoding": "br", "contentType": "application/javascript;charset=UTF-8", "hash": "f08cbd50ce35895f0619d2ba47274353"}, {"path": "backward_assets/mode/css.min.js", "contentEncoding": "br", "contentType": "application/javascript;charset=UTF-8", "hash": "cc684116d7236bd8b2afb247c71d7d02"}, {"path": "backward_assets/mode/javascript.min.js", "contentEncoding": "br", "contentType": "application/javascript;charset=UTF-8", "hash": "85eef513dba578a3a7db413313b65e3e"}, {"path": "dist/src/index.d.ts", "contentEncoding": "identity", "contentType": "application/octet-stream", "hash": "e7d5092cd9e130afa5da2f99fb5447ce"}, {"path": "dist/src/auto-generated.d.ts", "contentEncoding": "identity", "contentType": "application/octet-stream", "hash": "c5128008ee21e6f6fb2a3a8c3ee71f52"}, {"path": "dist/src/tests/mock-requests.d.ts", "contentEncoding": "identity", "contentType": "application/octet-stream", "hash": "f6eb17fc136db20ec9d470f25d43b51b"}, {"path": "dist/src/tests/install.test.d.ts", "contentEncoding": "identity", "contentType": "application/octet-stream", "hash": "f07295dcb144e2f8036c02cd7b0bc29e"}, {"path": "dist/src/tests/common.d.ts", "contentEncoding": "identity", "contentType": "application/octet-stream", "hash": "fad2bf01d928b36b520698932bb5c36d"}, {"path": "src/tests/mock-requests.ts", "contentEncoding": "identity", "contentType": "application/octet-stream", "hash": "6fd0616f7f44c7b5bc34760d5b03db5a"}, {"path": "src/tests/install.test.ts", "contentEncoding": "identity", "contentType": "application/octet-stream", "hash": "3e91bb10b155665fb1b07f81a7d264d6"}, {"path": "src/tests/common.ts", "contentEncoding": "identity", "contentType": "application/octet-stream", "hash": "801eedcb8367c252111433d623256e7e"}, {"path": "mode/javascript/javascript.js", "contentEncoding": "br", "contentType": "application/javascript;charset=UTF-8", "hash": "520f5d8bd3aaa658b5fa620cd34d84fd"}, {"path": "mode/pug/pug.js", "contentEncoding": "br", "contentType": "application/javascript;charset=UTF-8", "hash": "eafd513ec3a8994dec9c3a2525c4cf21"}, {"path": "mode/mscgen/mscgen.js", "contentEncoding": "br", "contentType": "application/javascript;charset=UTF-8", "hash": "44ab3e1b146908b8e04308a85da92db3"}, {"path": "mode/idl/idl.js", "contentEncoding": "br", "contentType": "application/javascript;charset=UTF-8", "hash": "0e032a46dd0e8933cc2c918541a204db"}, {"path": "mode/rst/rst.js", "contentEncoding": "br", "contentType": "application/javascript;charset=UTF-8", "hash": "e4d9314592b730b63269d63e73494ce0"}, {"path": "mode/dockerfile/dockerfile.js", "contentEncoding": "br", "contentType": "application/javascript;charset=UTF-8", "hash": "f760b649b086deb82110f93dd3eae166"}, {"path": "mode/crystal/crystal.js", "contentEncoding": "br", "contentType": "application/javascript;charset=UTF-8", "hash": "cf4149518f2b93ed28cf6a828f6c9d1e"}, {"path": "mode/yaml-frontmatter/yaml-frontmatter.js", "contentEncoding": "br", "contentType": "application/javascript;charset=UTF-8", "hash": "9c3a059adfc7c5e56c5ae225153e00d1"}, {"path": "mode/diff/diff.js", "contentEncoding": "br", "contentType": "application/javascript;charset=UTF-8", "hash": "4a24c3a0fab0170ad3b43801b5419700"}, {"path": "mode/vue/vue.js", "contentEncoding": "br", "contentType": "application/javascript;charset=UTF-8", "hash": "4f1a255edf96df0cee91ac59c2df58f1"}, {"path": "mode/eiffel/eiffel.js", "contentEncoding": "br", "contentType": "application/javascript;charset=UTF-8", "hash": "7f937e01339a793003b83da8ec77be4f"}, {"path": "mode/tiki/tiki.css", "contentEncoding": "br", "contentType": "text/css", "hash": "fd660fbbcbd4927ccef28657446cc9f1"}, {"path": "mode/tiki/tiki.js", "contentEncoding": "br", "contentType": "application/javascript;charset=UTF-8", "hash": "4088a9d20b0d104414bbbf5f0423df7d"}, {"path": "mode/webidl/webidl.js", "contentEncoding": "br", "contentType": "application/javascript;charset=UTF-8", "hash": "85598e1f9b5bf0ca8cb9dd40358ac09d"}, {"path": "mode/jinja2/jinja2.js", "contentEncoding": "br", "contentType": "application/javascript;charset=UTF-8", "hash": "1fcc9eafe80bc20def0be1543d0e235f"}, {"path": "mode/julia/julia.js", "contentEncoding": "br", "contentType": "application/javascript;charset=UTF-8", "hash": "a4a0b12266b5a82bb0de7906651ba66f"}, {"path": "mode/ruby/ruby.js", "contentEncoding": "br", "contentType": "application/javascript;charset=UTF-8", "hash": "4d1f9f381e6596b95478835618945d2e"}, {"path": "mode/fcl/fcl.js", "contentEncoding": "br", "contentType": "application/javascript;charset=UTF-8", "hash": "b5949770e3c1e433f5fad87c42095632"}, {"path": "mode/elm/elm.js", "contentEncoding": "br", "contentType": "application/javascript;charset=UTF-8", "hash": "e2769b21107516174bc7d5c5e70cf01a"}, {"path": "mode/shell/shell.js", "contentEncoding": "br", "contentType": "application/javascript;charset=UTF-8", "hash": "3491c0f88da7d1c378f056524ecffb9f"}, {"path": "mode/asterisk/asterisk.js", "contentEncoding": "br", "contentType": "application/javascript;charset=UTF-8", "hash": "b457947aa1bc9e58ba9f2fb7565678ef"}, {"path": "mode/tcl/tcl.js", "contentEncoding": "br", "contentType": "application/javascript;charset=UTF-8", "hash": "3c1a4a2b142b8d80a04897951d560792"}, {"path": "mode/jsx/jsx.js", "contentEncoding": "br", "contentType": "application/javascript;charset=UTF-8", "hash": "ffb351f9d703ba77639ae164e0987bb1"}, {"path": "mode/asciiarmor/asciiarmor.js", "contentEncoding": "br", "contentType": "application/javascript;charset=UTF-8", "hash": "eb55333e89f85097bc8bcfa81c9ab964"}, {"path": "mode/octave/octave.js", "contentEncoding": "br", "contentType": "application/javascript;charset=UTF-8", "hash": "1ec9829ad20c8bc20ca8b9d2bb84fb2e"}, {"path": "mode/pig/pig.js", "contentEncoding": "br", "contentType": "application/javascript;charset=UTF-8", "hash": "f0594d1b74a14591ea748f60ca6b7625"}, {"path": "mode/ecl/ecl.js", "contentEncoding": "br", "contentType": "application/javascript;charset=UTF-8", "hash": "c7abe57f6fd714f061681c5cce5c58d6"}, {"path": "mode/tornado/tornado.js", "contentEncoding": "br", "contentType": "application/javascript;charset=UTF-8", "hash": "bb1ba60fa4280201ed5b0cbfcc4d9c13"}, {"path": "mode/xml/xml.js", "contentEncoding": "br", "contentType": "application/javascript;charset=UTF-8", "hash": "a61b1ed33d376a16389f42360c46f666"}, {"path": "mode/lua/lua.js", "contentEncoding": "br", "contentType": "application/javascript;charset=UTF-8", "hash": "980c154afbe4092fe696ceaf3a32dee3"}, {"path": "mode/factor/factor.js", "contentEncoding": "br", "contentType": "application/javascript;charset=UTF-8", "hash": "6df263b9e9315008f7c0287af5cd457b"}, {"path": "mode/livescript/livescript.js", "contentEncoding": "br", "contentType": "application/javascript;charset=UTF-8", "hash": "e54e2cfca3d3785fe4c620d2757ccf12"}, {"path": "mode/django/django.js", "contentEncoding": "br", "contentType": "application/javascript;charset=UTF-8", "hash": "1f660d46bb1ddb833b87fd6189abb4f4"}, {"path": "mode/asn.1/asn.1.js", "contentEncoding": "br", "contentType": "application/javascript;charset=UTF-8", "hash": "1dbd516b7e2442881eaa3a5623e12edd"}, {"path": "mode/mirc/mirc.js", "contentEncoding": "br", "contentType": "application/javascript;charset=UTF-8", "hash": "4f3f6fe737a0a37a5c6bed2d113f372d"}, {"path": "mode/htmlembedded/htmlembedded.js", "contentEncoding": "br", "contentType": "application/javascript;charset=UTF-8", "hash": "0b281dfc1e15f23234b991cf8f6da3a8"}, {"path": "mode/dylan/dylan.js", "contentEncoding": "br", "contentType": "application/javascript;charset=UTF-8", "hash": "6426d9ef2266586cd2353edb64593bba"}, {"path": "mode/clike/clike.js", "contentEncoding": "br", "contentType": "application/javascript;charset=UTF-8", "hash": "1e5ac69ab99e6c9296e9b3320358ce30"}, {"path": "mode/properties/properties.js", "contentEncoding": "br", "contentType": "application/javascript;charset=UTF-8", "hash": "723d7fbb9ab346d9d35523cb5db79fa1"}, {"path": "mode/mllike/mllike.js", "contentEncoding": "br", "contentType": "application/javascript;charset=UTF-8", "hash": "a781c2896b17759df680731ab7d0e43e"}, {"path": "mode/protobuf/protobuf.js", "contentEncoding": "br", "contentType": "application/javascript;charset=UTF-8", "hash": "3a2e8e8fd3b56e8496f55a746f0f415b"}, {"path": "mode/mbox/mbox.js", "contentEncoding": "br", "contentType": "application/javascript;charset=UTF-8", "hash": "ee9589d866520062650ca9783551911e"}, {"path": "mode/twig/twig.js", "contentEncoding": "br", "contentType": "application/javascript;charset=UTF-8", "hash": "01afc25826dbe2ca75ff215e7c30710b"}, {"path": "mode/haml/haml.js", "contentEncoding": "br", "contentType": "application/javascript;charset=UTF-8", "hash": "9b60803a8156805884feea94a8a5060f"}, {"path": "mode/ttcn/ttcn.js", "contentEncoding": "br", "contentType": "application/javascript;charset=UTF-8", "hash": "c9bd4f760a3eff8cda6aee1db1d13003"}, {"path": "mode/velocity/velocity.js", "contentEncoding": "br", "contentType": "application/javascript;charset=UTF-8", "hash": "21354dc111bfce4aac16c832a78eaf8f"}, {"path": "mode/nginx/nginx.js", "contentEncoding": "br", "contentType": "application/javascript;charset=UTF-8", "hash": "56f0ced02c986ad95bd051d40d5acc9e"}, {"path": "mode/yaml/yaml.js", "contentEncoding": "br", "contentType": "application/javascript;charset=UTF-8", "hash": "88957fd443499be4acad2317c8953a89"}, {"path": "mode/handlebars/handlebars.js", "contentEncoding": "br", "contentType": "application/javascript;charset=UTF-8", "hash": "9f3d66612a1d1847a382e12b66820ba4"}, {"path": "mode/clojure/clojure.js", "contentEncoding": "br", "contentType": "application/javascript;charset=UTF-8", "hash": "86b0a9a149020ead3d11641e97178b78"}, {"path": "mode/ttcn-cfg/ttcn-cfg.js", "contentEncoding": "br", "contentType": "application/javascript;charset=UTF-8", "hash": "bb04f7a901457f04cf3ed7a8a0f87d65"}, {"path": "mode/turtle/turtle.js", "contentEncoding": "br", "contentType": "application/javascript;charset=UTF-8", "hash": "5e76936f993ecbbf4c3b0e26da739a4b"}, {"path": "mode/pegjs/pegjs.js", "contentEncoding": "br", "contentType": "application/javascript;charset=UTF-8", "hash": "b3f57b4ad23671542e12309167a12498"}, {"path": "mode/haxe/haxe.js", "contentEncoding": "br", "contentType": "application/javascript;charset=UTF-8", "hash": "5af7fe8db245e97ef2c6332da3927a0c"}, {"path": "mode/dtd/dtd.js", "contentEncoding": "br", "contentType": "application/javascript;charset=UTF-8", "hash": "32baa895a1df1fa2fc2eb3062f816b25"}, {"path": "mode/gas/gas.js", "contentEncoding": "br", "contentType": "application/javascript;charset=UTF-8", "hash": "be838d4517f34541abf4fab9ac093769"}, {"path": "mode/slim/slim.js", "contentEncoding": "br", "contentType": "application/javascript;charset=UTF-8", "hash": "7f884377bdb85c39cf25c5ccc0a31cd0"}, {"path": "mode/sieve/sieve.js", "contentEncoding": "br", "contentType": "application/javascript;charset=UTF-8", "hash": "19dc1b488f4f4982d32d197bd42a9d18"}, {"path": "mode/stylus/stylus.js", "contentEncoding": "br", "contentType": "application/javascript;charset=UTF-8", "hash": "cd5dd2abf6b9f820d5d2518d9dd3d15d"}, {"path": "mode/vbscript/vbscript.js", "contentEncoding": "br", "contentType": "application/javascript;charset=UTF-8", "hash": "386b8258fafacf99f7ba40c268140a98"}, {"path": "mode/textile/textile.js", "contentEncoding": "br", "contentType": "application/javascript;charset=UTF-8", "hash": "9faee705f8f5d82df302109bbe43def9"}, {"path": "mode/r/r.js", "contentEncoding": "br", "contentType": "application/javascript;charset=UTF-8", "hash": "695e3d65e57c05133b35bab43b966acf"}, {"path": "mode/haskell-literate/haskell-literate.js", "contentEncoding": "br", "contentType": "application/javascript;charset=UTF-8", "hash": "f90fcf952ebbc37024825c0378cf781a"}, {"path": "mode/brainfuck/brainfuck.js", "contentEncoding": "br", "contentType": "application/javascript;charset=UTF-8", "hash": "79a74e59c62be8da0bfa4363e206deca"}, {"path": "mode/fortran/fortran.js", "contentEncoding": "br", "contentType": "application/javascript;charset=UTF-8", "hash": "a08f5fda6468965a4704248792f9c246"}, {"path": "mode/commonlisp/commonlisp.js", "contentEncoding": "br", "contentType": "application/javascript;charset=UTF-8", "hash": "748ed4c3f785fa4b87b04f0e0b3959d4"}, {"path": "mode/erlang/erlang.js", "contentEncoding": "br", "contentType": "application/javascript;charset=UTF-8", "hash": "57dbbd56d4e6768927deee9a81fa3a4d"}, {"path": "mode/sql/sql.js", "contentEncoding": "br", "contentType": "application/javascript;charset=UTF-8", "hash": "040fb9d91f55a5d44b6d359548242fb7"}, {"path": "mode/perl/perl.js", "contentEncoding": "br", "contentType": "application/javascript;charset=UTF-8", "hash": "9eebf7fd91d1fbef7fa16c28ae7672b2"}, {"path": "mode/stex/stex.js", "contentEncoding": "br", "contentType": "application/javascript;charset=UTF-8", "hash": "2a42b803a09b6492c740627aa8231119"}, {"path": "mode/solr/solr.js", "contentEncoding": "br", "contentType": "application/javascript;charset=UTF-8", "hash": "ed95af17d1b7404b6e84929dd0c1a051"}, {"path": "mode/haskell/haskell.js", "contentEncoding": "br", "contentType": "application/javascript;charset=UTF-8", "hash": "188e9cdc1e099ae35528b1bbc9517634"}, {"path": "mode/css/css.js", "contentEncoding": "br", "contentType": "application/javascript;charset=UTF-8", "hash": "4e1489f47857e5a520031b7fa3cbd27e"}, {"path": "mode/dart/dart.js", "contentEncoding": "br", "contentType": "application/javascript;charset=UTF-8", "hash": "e2712bd0e9fc599e8e2827906a64ea24"}, {"path": "mode/pascal/pascal.js", "contentEncoding": "br", "contentType": "application/javascript;charset=UTF-8", "hash": "f143ba4eac1fe27e1b73f27e155aee7d"}, {"path": "mode/mumps/mumps.js", "contentEncoding": "br", "contentType": "application/javascript;charset=UTF-8", "hash": "8a291acde78f45a5640053827ef537c3"}, {"path": "mode/tiddlywiki/tiddlywiki.js", "contentEncoding": "br", "contentType": "application/javascript;charset=UTF-8", "hash": "df4fbf5e5b60f40587e71b5a01572d3a"}, {"path": "mode/tiddlywiki/tiddlywiki.css", "contentEncoding": "br", "contentType": "text/css", "hash": "e745b2150c79295cfb93a210d34f2587"}, {"path": "mode/modelica/modelica.js", "contentEncoding": "br", "contentType": "application/javascript;charset=UTF-8", "hash": "dc9743d99a853c4927d54ef9b753e553"}, {"path": "mode/soy/soy.js", "contentEncoding": "br", "contentType": "application/javascript;charset=UTF-8", "hash": "5d25036b21d08b0df7eb45500adb28d4"}, {"path": "mode/puppet/puppet.js", "contentEncoding": "br", "contentType": "application/javascript;charset=UTF-8", "hash": "f741fedbb8499c398318a1f73ee94dc4"}, {"path": "mode/d/d.js", "contentEncoding": "br", "contentType": "application/javascript;charset=UTF-8", "hash": "8c190818ce282cf9cbd83ccad3507b70"}, {"path": "mode/groovy/groovy.js", "contentEncoding": "br", "contentType": "application/javascript;charset=UTF-8", "hash": "26b789365d2a15df00a6f59639533d1f"}, {"path": "mode/troff/troff.js", "contentEncoding": "br", "contentType": "application/javascript;charset=UTF-8", "hash": "90b51117d5eb648ced4618970e25ece6"}, {"path": "mode/smarty/smarty.js", "contentEncoding": "br", "contentType": "application/javascript;charset=UTF-8", "hash": "9ec193880a5c8ec63fb9d16880650900"}, {"path": "mode/gfm/gfm.js", "contentEncoding": "br", "contentType": "application/javascript;charset=UTF-8", "hash": "11b5a43c797f117e29475c8d6e3afd98"}, {"path": "mode/cypher/cypher.js", "contentEncoding": "br", "contentType": "application/javascript;charset=UTF-8", "hash": "23e87cf83e57651dbf0689cf424b211b"}, {"path": "mode/php/php.js", "contentEncoding": "br", "contentType": "application/javascript;charset=UTF-8", "hash": "4f7750f64b69e254bd2eba89ff128bc5"}, {"path": "mode/sass/sass.js", "contentEncoding": "br", "contentType": "application/javascript;charset=UTF-8", "hash": "e687fd02de7addd976943225035dcaf8"}, {"path": "mode/nsis/nsis.js", "contentEncoding": "br", "contentType": "application/javascript;charset=UTF-8", "hash": "b998f2c74b9f048fc76395af3b93b6c5"}, {"path": "mode/gherkin/gherkin.js", "contentEncoding": "br", "contentType": "application/javascript;charset=UTF-8", "hash": "9667b1bfd1fc9eca1301ecb53645836b"}, {"path": "mode/powershell/powershell.js", "contentEncoding": "br", "contentType": "application/javascript;charset=UTF-8", "hash": "d9f23c4574271c8413e22da8d5b7e815"}, {"path": "mode/scheme/scheme.js", "contentEncoding": "br", "contentType": "application/javascript;charset=UTF-8", "hash": "d9c4fdda624a215655a9981761535b4f"}, {"path": "mode/ebnf/ebnf.js", "contentEncoding": "br", "contentType": "application/javascript;charset=UTF-8", "hash": "9a347cbe64f009d62a3a0189fe209321"}, {"path": "mode/rpm/rpm.js", "contentEncoding": "br", "contentType": "application/javascript;charset=UTF-8", "hash": "9c0dcf987b2c4ab7f8c931c67a188728"}, {"path": "mode/markdown/markdown.js", "contentEncoding": "br", "contentType": "application/javascript;charset=UTF-8", "hash": "6b57d7ea8c614c5f70bb0c679bbfc8e9"}, {"path": "mode/toml/toml.js", "contentEncoding": "br", "contentType": "application/javascript;charset=UTF-8", "hash": "0e07868dbada8579805ecc5cb559facf"}, {"path": "mode/sas/sas.js", "contentEncoding": "br", "contentType": "application/javascript;charset=UTF-8", "hash": "01780a15459ad3e6f2a1bcba739d1ebe"}, {"path": "mode/z80/z80.js", "contentEncoding": "br", "contentType": "application/javascript;charset=UTF-8", "hash": "8d39d6f5922dcfc6bfbc5ffecf6a3963"}, {"path": "mode/go/go.js", "contentEncoding": "br", "contentType": "application/javascript;charset=UTF-8", "hash": "e24980e5c7fc0bf42cc8036e0731aa1b"}, {"path": "mode/coffeescript/coffeescript.js", "contentEncoding": "br", "contentType": "application/javascript;charset=UTF-8", "hash": "dfa749e618ff05efb6e50ae7883adfaf"}, {"path": "mode/htmlmixed/htmlmixed.js", "contentEncoding": "br", "contentType": "application/javascript;charset=UTF-8", "hash": "508a45ef2f7a40da878f2088c54b9a95"}, {"path": "mode/xquery/xquery.js", "contentEncoding": "br", "contentType": "application/javascript;charset=UTF-8", "hash": "8f78acc036709d56e548214d632b9e75"}, {"path": "mode/http/http.js", "contentEncoding": "br", "contentType": "application/javascript;charset=UTF-8", "hash": "fdef58cb3d8f5b40c73cfb30e59a6446"}, {"path": "mode/yacas/yacas.js", "contentEncoding": "br", "contentType": "application/javascript;charset=UTF-8", "hash": "6c11cc682b8fcb21419469c3a906c6d6"}, {"path": "mode/smalltalk/smalltalk.js", "contentEncoding": "br", "contentType": "application/javascript;charset=UTF-8", "hash": "07875194563e8daeed0f2e7eb45800c1"}, {"path": "mode/vb/vb.js", "contentEncoding": "br", "contentType": "application/javascript;charset=UTF-8", "hash": "7b663384478c4fe1c3afe23447f0092f"}, {"path": "mode/vhdl/vhdl.js", "contentEncoding": "br", "contentType": "application/javascript;charset=UTF-8", "hash": "7949a965bd92fd63af031dac7aedacf6"}, {"path": "mode/python/python.js", "contentEncoding": "br", "contentType": "application/javascript;charset=UTF-8", "hash": "7b3b39fe01da1a0132d08724301a5144"}, {"path": "mode/swift/swift.js", "contentEncoding": "br", "contentType": "application/javascript;charset=UTF-8", "hash": "338629d0c688e6ce0ad450f1b347a19e"}, {"path": "mode/q/q.js", "contentEncoding": "br", "contentType": "application/javascript;charset=UTF-8", "hash": "3f7e78ee46fa43d774686489b39b77e0"}, {"path": "mode/oz/oz.js", "contentEncoding": "br", "contentType": "application/javascript;charset=UTF-8", "hash": "ccd05983aec26125b26e27ccdc4e3d88"}, {"path": "mode/cobol/cobol.js", "contentEncoding": "br", "contentType": "application/javascript;charset=UTF-8", "hash": "8c768a22236e0138045ed89799a93d61"}, {"path": "mode/cmake/cmake.js", "contentEncoding": "br", "contentType": "application/javascript;charset=UTF-8", "hash": "57b16ee4ada3e31f53f201e868ece4a8"}, {"path": "mode/mathematica/mathematica.js", "contentEncoding": "br", "contentType": "application/javascript;charset=UTF-8", "hash": "7b44360dfca0597516150633462bdadd"}, {"path": "mode/spreadsheet/spreadsheet.js", "contentEncoding": "br", "contentType": "application/javascript;charset=UTF-8", "hash": "004ce3c7a1a00df5b221fd47eb68d162"}, {"path": "mode/forth/forth.js", "contentEncoding": "br", "contentType": "application/javascript;charset=UTF-8", "hash": "8510f1145a1b153c316f0606e1ad374c"}, {"path": "mode/rust/rust.js", "contentEncoding": "br", "contentType": "application/javascript;charset=UTF-8", "hash": "fe5ecd2b415d7208c3333d2c5c69a32b"}, {"path": "mode/sparql/sparql.js", "contentEncoding": "br", "contentType": "application/javascript;charset=UTF-8", "hash": "36c3a6ecd368ca41a4931ec72020b07a"}, {"path": "mode/ntriples/ntriples.js", "contentEncoding": "br", "contentType": "application/javascript;charset=UTF-8", "hash": "842f359573c053063bfddd1c980f3cac"}, {"path": "mode/apl/apl.js", "contentEncoding": "br", "contentType": "application/javascript;charset=UTF-8", "hash": "d7cbcce7ff7c5fff33a5e8a54ff7d47b"}, {"path": "mode/verilog/verilog.js", "contentEncoding": "br", "contentType": "application/javascript;charset=UTF-8", "hash": "a433350fbd45008646242a362b688751"}, {"path": "mode/rpm/changes/index.html", "contentEncoding": "identity", "contentType": "text/html", "hash": "1b70f8a3f1c2d8d43b27f49b1df7f8cf"}, {"path": "addon/lint/lint.js", "contentEncoding": "br", "contentType": "application/javascript;charset=UTF-8", "hash": "4aba37fc421807ed60051876603e81e4"}, {"path": "addon/lint/html-lint.js", "contentEncoding": "br", "contentType": "application/javascript;charset=UTF-8", "hash": "4ce658b4b1c2cacb8a2685effa0ed4eb"}, {"path": "addon/lint/lint.css", "contentEncoding": "br", "contentType": "text/css", "hash": "80cbf240f7114fb23e506da29cced118"}, {"path": "addon/lint/coffeescript-lint.js", "contentEncoding": "br", "contentType": "application/javascript;charset=UTF-8", "hash": "140f1a44841627e860cafd955e89f4e7"}, {"path": "addon/lint/css-lint.js", "contentEncoding": "br", "contentType": "application/javascript;charset=UTF-8", "hash": "6a6166008cb94a6d62e05dc2cab7fc16"}, {"path": "addon/lint/javascript-lint.js", "contentEncoding": "br", "contentType": "application/javascript;charset=UTF-8", "hash": "3db1c5d6629bde3e0a4a694c5cd94065"}, {"path": "addon/lint/json-lint.js", "contentEncoding": "br", "contentType": "application/javascript;charset=UTF-8", "hash": "dcfd194ca63e175996aaea2b3a58b598"}, {"path": "addon/lint/yaml-lint.js", "contentEncoding": "br", "contentType": "application/javascript;charset=UTF-8", "hash": "eabad9dfc99d98d6995c37fce194c28c"}, {"path": "addon/wrap/hardwrap.js", "contentEncoding": "br", "contentType": "application/javascript;charset=UTF-8", "hash": "359a2bb5a43f724a09f2adbbfe40dd86"}, {"path": "addon/display/fullscreen.css", "contentEncoding": "br", "contentType": "text/css", "hash": "1a278e72b51528270f8ce9ec991929a1"}, {"path": "addon/display/placeholder.js", "contentEncoding": "br", "contentType": "application/javascript;charset=UTF-8", "hash": "0e8705231c3e7d910611e5cfcfc9145f"}, {"path": "addon/display/rulers.js", "contentEncoding": "br", "contentType": "application/javascript;charset=UTF-8", "hash": "38aaf61e611edfe39883f46f89b0b91b"}, {"path": "addon/display/autorefresh.js", "contentEncoding": "br", "contentType": "application/javascript;charset=UTF-8", "hash": "a8525e557b32a9ff330db311f444058b"}, {"path": "addon/display/fullscreen.js", "contentEncoding": "br", "contentType": "application/javascript;charset=UTF-8", "hash": "744a9a476b90075936f58ebb8b35ac85"}, {"path": "addon/display/panel.js", "contentEncoding": "br", "contentType": "application/javascript;charset=UTF-8", "hash": "506a7f226447ce9b3dc129c71aa84e63"}, {"path": "addon/merge/merge.css", "contentEncoding": "br", "contentType": "text/css", "hash": "d4009e57cbbb2c969147cf233671ba42"}, {"path": "addon/merge/merge.js", "contentEncoding": "br", "contentType": "application/javascript;charset=UTF-8", "hash": "001c710b643ececdbaf65328bb3419fc"}, {"path": "addon/selection/selection-pointer.js", "contentEncoding": "br", "contentType": "application/javascript;charset=UTF-8", "hash": "ae80c5e4d54f8ccb07c6373e66f523a4"}, {"path": "addon/selection/active-line.js", "contentEncoding": "br", "contentType": "application/javascript;charset=UTF-8", "hash": "30fc5d6c1847dc207bd0e38c0e97e789"}, {"path": "addon/selection/mark-selection.js", "contentEncoding": "br", "contentType": "application/javascript;charset=UTF-8", "hash": "c0240b66ae29bda93e80be5e60c9ed8d"}, {"path": "addon/fold/markdown-fold.js", "contentEncoding": "br", "contentType": "application/javascript;charset=UTF-8", "hash": "6e3228db96bbadbb93c79922ecd88ce0"}, {"path": "addon/fold/foldcode.js", "contentEncoding": "br", "contentType": "application/javascript;charset=UTF-8", "hash": "c5738021d8e4f05999da94c1cbdfbd18"}, {"path": "addon/fold/xml-fold.js", "contentEncoding": "br", "contentType": "application/javascript;charset=UTF-8", "hash": "b88e73a8e7bdc8b032adfd5047dfe2c5"}, {"path": "addon/fold/brace-fold.js", "contentEncoding": "br", "contentType": "application/javascript;charset=UTF-8", "hash": "c4850e56d89da48a8625e13ed9a076db"}, {"path": "addon/fold/indent-fold.js", "contentEncoding": "br", "contentType": "application/javascript;charset=UTF-8", "hash": "5017f49481f30946bd4229a6d05d5fcc"}, {"path": "addon/fold/foldgutter.js", "contentEncoding": "br", "contentType": "application/javascript;charset=UTF-8", "hash": "2e6a4ca9c0f057daaecbc330d8f96bc0"}, {"path": "addon/fold/comment-fold.js", "contentEncoding": "br", "contentType": "application/javascript;charset=UTF-8", "hash": "9b289797886789d2ce7f40e3f7408c9e"}, {"path": "addon/fold/foldgutter.css", "contentEncoding": "br", "contentType": "text/css", "hash": "38bb68770b6f7ebaa7adea770a68e0b1"}, {"path": "addon/dialog/dialog.js", "contentEncoding": "br", "contentType": "application/javascript;charset=UTF-8", "hash": "904554fefae1a2beb0eaad467018af7a"}, {"path": "addon/dialog/dialog.css", "contentEncoding": "br", "contentType": "text/css", "hash": "c89dce10b44d2882a024e7befc2b63f5"}, {"path": "addon/comment/continuecomment.js", "contentEncoding": "br", "contentType": "application/javascript;charset=UTF-8", "hash": "fb48559dde9c182746377b2184baa044"}, {"path": "addon/comment/comment.js", "contentEncoding": "br", "contentType": "application/javascript;charset=UTF-8", "hash": "f2798285cd723a94866088997228accc"}, {"path": "addon/search/matchesonscrollbar.js", "contentEncoding": "br", "contentType": "application/javascript;charset=UTF-8", "hash": "b7dfa5fd6a57e306bf7ce99542819883"}, {"path": "addon/search/searchcursor.js", "contentEncoding": "br", "contentType": "application/javascript;charset=UTF-8", "hash": "ee2a167b4fe75a009329a91c7b54815c"}, {"path": "addon/search/matchesonscrollbar.css", "contentEncoding": "br", "contentType": "text/css", "hash": "00ea2770c568a848190bcf52e4241276"}, {"path": "addon/search/match-highlighter.js", "contentEncoding": "br", "contentType": "application/javascript;charset=UTF-8", "hash": "ace658d3aaf9d8ae9895ff97dd9eb5ca"}, {"path": "addon/search/jump-to-line.js", "contentEncoding": "br", "contentType": "application/javascript;charset=UTF-8", "hash": "cf5f2c65e9c8e26841923b5e1a6bf611"}, {"path": "addon/search/search.js", "contentEncoding": "br", "contentType": "application/javascript;charset=UTF-8", "hash": "1e2c6bec0a25d4e7dea128f048b08931"}, {"path": "addon/hint/javascript-hint.js", "contentEncoding": "br", "contentType": "application/javascript;charset=UTF-8", "hash": "812e7d114cc1979a98c1b1f8784bcf6f"}, {"path": "addon/hint/anyword-hint.js", "contentEncoding": "br", "contentType": "application/javascript;charset=UTF-8", "hash": "736f4c0aa67db12cf39097f3d1790c8b"}, {"path": "addon/hint/sql-hint.js", "contentEncoding": "br", "contentType": "application/javascript;charset=UTF-8", "hash": "f66526ad34eaaeee2dca6282961808a8"}, {"path": "addon/hint/css-hint.js", "contentEncoding": "br", "contentType": "application/javascript;charset=UTF-8", "hash": "1049d08c9c74c2ed27e738f0da2a2e80"}, {"path": "addon/hint/show-hint.css", "contentEncoding": "br", "contentType": "text/css", "hash": "49647712414ff96d5846de9736b5dbd3"}, {"path": "addon/hint/html-hint.js", "contentEncoding": "br", "contentType": "application/javascript;charset=UTF-8", "hash": "51364bfc06c261a20b9ced6606db9580"}, {"path": "addon/hint/show-hint.js", "contentEncoding": "br", "contentType": "application/javascript;charset=UTF-8", "hash": "29018e5c9e24055642013c6af1991638"}, {"path": "addon/hint/xml-hint.js", "contentEncoding": "br", "contentType": "application/javascript;charset=UTF-8", "hash": "65cf0f4e6ce510f4a189a0b87d943b8c"}, {"path": "addon/scroll/annotatescrollbar.js", "contentEncoding": "br", "contentType": "application/javascript;charset=UTF-8", "hash": "87198e00de438bb7f9afe2e55b6cb4a3"}, {"path": "addon/scroll/simplescrollbars.css", "contentEncoding": "br", "contentType": "text/css", "hash": "0352ba51fd6a422fe6cc44925e33ad88"}, {"path": "addon/scroll/simplescrollbars.js", "contentEncoding": "br", "contentType": "application/javascript;charset=UTF-8", "hash": "13948e6ef35e3c3d2c65de096af58721"}, {"path": "addon/scroll/scrollpastend.js", "contentEncoding": "br", "contentType": "application/javascript;charset=UTF-8", "hash": "92a24e9251be0dc620c11cb61919293f"}, {"path": "addon/tern/worker.js", "contentEncoding": "br", "contentType": "application/javascript;charset=UTF-8", "hash": "6866b3b6f236f5ae8b89e15b5cf167e1"}, {"path": "addon/tern/tern.css", "contentEncoding": "br", "contentType": "text/css", "hash": "4d57ced774b5f3fa9f00dfa398e74819"}, {"path": "addon/tern/tern.js", "contentEncoding": "br", "contentType": "application/javascript;charset=UTF-8", "hash": "be96bd33924874f09dc1290c8b6d6ef0"}, {"path": "addon/mode/loadmode.js", "contentEncoding": "br", "contentType": "application/javascript;charset=UTF-8", "hash": "f8291cb1ca96e29af58def213012655a"}, {"path": "addon/mode/multiplex.js", "contentEncoding": "br", "contentType": "application/javascript;charset=UTF-8", "hash": "b132b004f352bf044cd80a9f55731147"}, {"path": "addon/mode/simple.js", "contentEncoding": "br", "contentType": "application/javascript;charset=UTF-8", "hash": "eed15e8b955aaee880af0c819b38fa25"}, {"path": "addon/mode/multiplex_test.js", "contentEncoding": "br", "contentType": "application/javascript;charset=UTF-8", "hash": "37963861dd6e41a530a6f84c2b17bdf7"}, {"path": "addon/mode/overlay.js", "contentEncoding": "br", "contentType": "application/javascript;charset=UTF-8", "hash": "4f8e4dcaeb7c237cbe4f1f69972cdc8a"}, {"path": "addon/runmode/runmode.node.js", "contentEncoding": "br", "contentType": "application/javascript;charset=UTF-8", "hash": "f3c8c9b85bbeecf3c873e52d3783f39b"}, {"path": "addon/runmode/colorize.js", "contentEncoding": "br", "contentType": "application/javascript;charset=UTF-8", "hash": "c8fb49ed714798e04bc3d0289b19efa4"}, {"path": "addon/runmode/runmode.js", "contentEncoding": "br", "contentType": "application/javascript;charset=UTF-8", "hash": "2c0ddde09a9f1f8f5dc9d4f67f03d2f2"}, {"path": "addon/runmode/runmode-standalone.js", "contentEncoding": "br", "contentType": "application/javascript;charset=UTF-8", "hash": "aa4a42bca69b6f096a18cd51203afe6e"}, {"path": "addon/edit/matchbrackets.js", "contentEncoding": "br", "contentType": "application/javascript;charset=UTF-8", "hash": "5a44e9d0ad6abe1afd67c48b70d1cbd2"}, {"path": "addon/edit/continuelist.js", "contentEncoding": "br", "contentType": "application/javascript;charset=UTF-8", "hash": "f3d979e28331e88aa5d0e778a0b48462"}, {"path": "addon/edit/closetag.js", "contentEncoding": "br", "contentType": "application/javascript;charset=UTF-8", "hash": "636412946569a6493d18ecad8c12f959"}, {"path": "addon/edit/matchtags.js", "contentEncoding": "br", "contentType": "application/javascript;charset=UTF-8", "hash": "d0c67185e94d3a096299b680c0fca7d6"}, {"path": "addon/edit/closebrackets.js", "contentEncoding": "br", "contentType": "application/javascript;charset=UTF-8", "hash": "7138da5915e3a819ea35126930b43402"}, {"path": "addon/edit/trailingspace.js", "contentEncoding": "br", "contentType": "application/javascript;charset=UTF-8", "hash": "81d50700cee8c27e0e311de3650851bc"}]}