{"date": "2024-07-08T18:05:20.082750", "ywVersion": "0.1.12.dev", "files": [{"path": "bootstrap-grid.css.map", "contentEncoding": "br", "contentType": "text/css", "hash": "e351b86c7ef7eabccc1f5146bb1f0f81"}, {"path": "bootstrap.min.css", "contentEncoding": "br", "contentType": "text/css", "hash": "a549af2a81cd9900ee897d8bc9c4b5e9"}, {"path": "bootstrap.css.map", "contentEncoding": "br", "contentType": "text/css", "hash": "58477a63c10298d02f4204b3ebfe2560"}, {"path": "bootstrap.min.css.map", "contentEncoding": "br", "contentType": "text/css", "hash": "f12f498b6e53d88dc9cc9cb703397660"}, {"path": "typedoc.js", "contentEncoding": "br", "contentType": "application/javascript;charset=UTF-8", "hash": "a2f9fd7c0e9090c17f9f026171119b62"}, {"path": "junit.xml", "contentEncoding": "identity", "contentType": "application/octet-stream", "hash": "2eabe9542079984e6689791631867605"}, {"path": "bootstrap.rtl.min.css.map", "contentEncoding": "br", "contentType": "text/css", "hash": "badcc2667b65e409017e63b6301b6d66"}, {"path": "LICENSE", "contentEncoding": "identity", "contentType": "application/octet-stream", "hash": "34608a2d06befbdcce3c89991f2a4bfc"}, {"path": "package.json", "contentEncoding": "identity", "contentType": "application/json", "hash": "8ecbab679044d790f6cda09cc837554c"}, {"path": "bootstrap-reboot.css", "contentEncoding": "br", "contentType": "text/css", "hash": "09c9a15d5b0c41bfbc0bfd5ee0606f1c"}, {"path": "bootstrap-utilities.rtl.min.css", "contentEncoding": "br", "contentType": "text/css", "hash": "c65b60c6ecf6925bcdf0a0af85efdc67"}, {"path": "webpack.config.ts", "contentEncoding": "identity", "contentType": "application/octet-stream", "hash": "e6af2970d667c172a969d6ed614f0e8a"}, {"path": "bootstrap.rtl.min.css", "contentEncoding": "br", "contentType": "text/css", "hash": "dd5f700c579c0989e117a4f27a386442"}, {"path": "bootstrap-grid.rtl.min.css.map", "contentEncoding": "br", "contentType": "text/css", "hash": "6353fe853fc0848e50665f41895be1e4"}, {"path": "bootstrap-reboot.rtl.css", "contentEncoding": "br", "contentType": "text/css", "hash": "9c65e4b504b23708506c0a98d16d135f"}, {"path": "bootstrap-grid.min.css", "contentEncoding": "br", "contentType": "text/css", "hash": "ea688188986141f98fe7c673dd4c34f1"}, {"path": "bootstrap-grid.min.css.map", "contentEncoding": "br", "contentType": "text/css", "hash": "8d3849767c325327a646260b21917bf8"}, {"path": "bootstrap.css", "contentEncoding": "br", "contentType": "text/css", "hash": "1162850e40492183d0df775907004258"}, {"path": ".npmignore", "contentEncoding": "identity", "contentType": "application/octet-stream", "hash": "3041726ea881f9747a6127af0d23c5a3"}, {"path": ".gitignore", "contentEncoding": "identity", "contentType": "application/octet-stream", "hash": "50ab5d5745228c83010d95f2e1e2147d"}, {"path": "bootstrap-reboot.rtl.min.css", "contentEncoding": "br", "contentType": "text/css", "hash": "3bf50b662968b773561f7a19a2d6d7cd"}, {"path": "bootstrap-utilities.css.map", "contentEncoding": "br", "contentType": "text/css", "hash": "64d5e3abbf3005ba0db10b5cf31def49"}, {"path": "template.py", "contentEncoding": "identity", "contentType": "application/octet-stream", "hash": "8ed5452061c7c0e8c17613153e39ebfe"}, {"path": "bootstrap-reboot.min.css", "contentEncoding": "br", "contentType": "text/css", "hash": "874cf724d67903da59f2df64ad017a51"}, {"path": "yarn.lock", "contentEncoding": "identity", "contentType": "application/octet-stream", "hash": "45674b3bad2e9029f5f5e1c0f1ce12f6"}, {"path": "bootstrap-reboot.css.map", "contentEncoding": "br", "contentType": "text/css", "hash": "87d4f15f898da3074c8e1e87aa80c297"}, {"path": "bootstrap-utilities.rtl.css", "contentEncoding": "br", "contentType": "text/css", "hash": "dd6b65cf0b1f1c5b5ef66462619b7754"}, {"path": "bootstrap-grid.rtl.css.map", "contentEncoding": "br", "contentType": "text/css", "hash": "1e511e24d5d92b4e516a9fb3bd642213"}, {"path": "bootstrap-utilities.rtl.css.map", "contentEncoding": "br", "contentType": "text/css", "hash": "76f1ec432994dfa41e64fe665d02090c"}, {"path": "bootstrap-reboot.rtl.css.map", "contentEncoding": "br", "contentType": "text/css", "hash": "d57e6542d1148579cece28b2e8a07dbc"}, {"path": "bootstrap-grid.rtl.min.css", "contentEncoding": "br", "contentType": "text/css", "hash": "e010b7366e72371cd05d5e2126b08789"}, {"path": ".prettierignore", "contentEncoding": "identity", "contentType": "application/octet-stream", "hash": "13f21584a60ba70bf72fd541b790bc63"}, {"path": "bootstrap-grid.rtl.css", "contentEncoding": "br", "contentType": "text/css", "hash": "e629dfbb7e643dfbed357b050402998b"}, {"path": "bootstrap-utilities.css", "contentEncoding": "br", "contentType": "text/css", "hash": "4003fb4146a450e186e5af98883b62c4"}, {"path": "bootstrap-utilities.min.css", "contentEncoding": "br", "contentType": "text/css", "hash": "7781e53d243705d0fc5220ed0f840052"}, {"path": "bootstrap-reboot.rtl.min.css.map", "contentEncoding": "br", "contentType": "text/css", "hash": "78fc018c332aebf85f3f730ad2585475"}, {"path": "bootstrap-utilities.min.css.map", "contentEncoding": "br", "contentType": "text/css", "hash": "399e63138fe98a7bce67aeb007f129eb"}, {"path": "jest.config.ts", "contentEncoding": "identity", "contentType": "application/octet-stream", "hash": "d6d62281fb1e002b9ba1a9b4a6ed5ec9"}, {"path": "bootstrap.rtl.css.map", "contentEncoding": "br", "contentType": "text/css", "hash": "77a746882178e6f4bac312f28cdd575a"}, {"path": "bootstrap.rtl.css", "contentEncoding": "br", "contentType": "text/css", "hash": "2c7d3b733af95c6fc8cff58d84830250"}, {"path": "README.md", "contentEncoding": "identity", "contentType": "application/octet-stream", "hash": "366e487fb88a6727749e938a2125a809"}, {"path": "bootstrap-reboot.min.css.map", "contentEncoding": "br", "contentType": "text/css", "hash": "77af365e43d734adf1ca89bfc1ba5217"}, {"path": "bootstrap-utilities.rtl.min.css.map", "contentEncoding": "br", "contentType": "text/css", "hash": "5055b5fd418873358e602cf9689cd3dc"}, {"path": "bootstrap-grid.css", "contentEncoding": "br", "contentType": "text/css", "hash": "3889c5cd9922f6c9edf7eb6d26b4a22b"}, {"path": "tsconfig.json", "contentEncoding": "identity", "contentType": "application/json", "hash": "2b48a316ff32af602056330be0d72ddb"}, {"path": "dist/webpack.config.d.ts", "contentEncoding": "identity", "contentType": "application/octet-stream", "hash": "7d1d390bf2a3052b887909ca262405df"}, {"path": "dist/bootstrap.js.LICENSE.txt", "contentEncoding": "br", "contentType": "application/javascript;charset=UTF-8", "hash": "98a6f719a0e699ad3742fe588fbb3788"}, {"path": "dist/bootstrap.js.map", "contentEncoding": "br", "contentType": "application/javascript;charset=UTF-8", "hash": "b78c7e63aeb865dd2de5df7518b28a04"}, {"path": "dist/bootstrap.js", "contentEncoding": "br", "contentType": "application/javascript;charset=UTF-8", "hash": "9ba28a21f351ab1ea0b0434040597e3c"}, {"path": "dist/bundle-analysis.html", "contentEncoding": "identity", "contentType": "text/html", "hash": "59065c2a749987cf54b020067644f5bf"}, {"path": "dist/jest.config.d.ts", "contentEncoding": "identity", "contentType": "application/octet-stream", "hash": "2f0aa004b15580a7bcb1fafdae112d27"}, {"path": "src/index.ts", "contentEncoding": "identity", "contentType": "application/octet-stream", "hash": "15dcde9924c32c46174f685ad1912df1"}, {"path": "src/auto-generated.ts", "contentEncoding": "identity", "contentType": "application/octet-stream", "hash": "2cfa1e383ab46d9ac286009ac2c2551c"}, {"path": "dist/src/index.d.ts", "contentEncoding": "identity", "contentType": "application/octet-stream", "hash": "1506b750832b7d99c6bee7dc6b7d56af"}, {"path": "dist/src/auto-generated.d.ts", "contentEncoding": "identity", "contentType": "application/octet-stream", "hash": "8af0bdb664d1d4617fc2926ecfe51f92"}, {"path": "dist/src/tests/mock-requests.d.ts", "contentEncoding": "identity", "contentType": "application/octet-stream", "hash": "f6eb17fc136db20ec9d470f25d43b51b"}, {"path": "dist/src/tests/install.test.d.ts", "contentEncoding": "identity", "contentType": "application/octet-stream", "hash": "f07295dcb144e2f8036c02cd7b0bc29e"}, {"path": "dist/src/tests/common.d.ts", "contentEncoding": "identity", "contentType": "application/octet-stream", "hash": "fad2bf01d928b36b520698932bb5c36d"}, {"path": "src/tests/mock-requests.ts", "contentEncoding": "identity", "contentType": "application/octet-stream", "hash": "6fd0616f7f44c7b5bc34760d5b03db5a"}, {"path": "src/tests/install.test.ts", "contentEncoding": "identity", "contentType": "application/octet-stream", "hash": "395c4e29bbd6e58cbc4b0b3be5ad7409"}, {"path": "src/tests/popperjs.zip", "contentEncoding": "identity", "contentType": "application/octet-stream", "hash": "d0a4271be86d769f9c787c2c3ec79c98"}, {"path": "src/tests/common.ts", "contentEncoding": "identity", "contentType": "application/octet-stream", "hash": "801eedcb8367c252111433d623256e7e"}]}