{
    "distribution": {
        "artifacts": [
            "dist"
        ],
        "files": {
            "ignore": [],
            "include": [
                "assets/*",
                "README.md"
            ]
        }
    },
    "metadata": {
        "description": "Documentation app for the library rx-vdom",
        "displayName": null,
        "documentation": null,
        "icon": "/assets/reactivex.svg",
        "license": "MIT",
        "readme": "/README.md"
    },
    "name": "@rx-vdom/doc",
    "specification": {
        "dependencies": {
            "@mkdocs-ts/code-api": "^0.2.0",
            "@mkdocs-ts/notebook": "^0.1.1",
            "@w3nest/ui-tk": "^0.1.5",
            "@w3nest/webpm-client": "^0.1.10",
            "mkdocs-ts": "^0.5.1",
            "rx-vdom": "^0.1.8",
            "rxjs": "^7.8.2"
        },
        "execution": {
            "openWidth": [],
            "standalone": true
        },
        "exports": [],
        "kind": "webapp",
        "main": {
            "dependencies": [
                "mkdocs-ts",
                "rx-vdom",
                "@w3nest/webpm-client",
                "rxjs",
                "@w3nest/ui-tk/Badges"
            ],
            "entryPoint": "dist/index.html",
            "stylesheets": []
        },
        "security": {
            "coep": "require-corp",
            "coop": "same-origin",
            "csp": null,
            "referrer_policy": "strict-origin-when-cross-origin"
        }
    },
    "version": "0.1.8"
}