{
    "date": "2025-03-07T16:56:03.171500",
    "files": [
        {
            "contentEncoding": "br",
            "contentType": "application/json",
            "hash": "83fc381fb550cc34fb5d3181215812ca",
            "path": "package.json"
        },
        {
            "contentEncoding": "br",
            "contentType": "text/vnd.trolltech.linguist",
            "hash": "bf3ce55798f9d3deeb7e3c421efe098e",
            "path": "dist/webpack.config.d.ts"
        },
        {
            "contentEncoding": "br",
            "contentType": "text/html",
            "hash": "62ef68dc1025b784529560de22e74428",
            "path": "dist/bundle-analysis.html"
        },
        {
            "contentEncoding": "br",
            "contentType": "text/vnd.trolltech.linguist",
            "hash": "4a7e55bc703ce13b1374d50918fa3e97",
            "path": "dist/jest.config.d.ts"
        },
        {
            "contentEncoding": "br",
            "contentType": "text/javascript",
            "hash": "8ab741c9bb72de917fd80e29a60ca0a7",
            "path": "dist/@w3nest/http-clients.js"
        },
        {
            "contentEncoding": "br",
            "contentType": "application/octet-stream",
            "hash": "9fab6308fc5b5751ac8683216fdc7aad",
            "path": "dist/@w3nest/http-clients.js.map"
        }
    ],
    "fingerprint": "5eca9b66cc21b92949d2ec73faab0b06",
    "w3Version": "0.1.13.dev"
}