{
    "distribution": {
        "artifacts": [
            "dist"
        ],
        "files": {
            "ignore": [],
            "include": []
        }
    },
    "metadata": {
        "description": "HTTP clients for the w3nest ecosystem.",
        "displayName": null,
        "documentation": null,
        "icon": null,
        "license": null,
        "readme": "/README.md"
    },
    "name": "@w3nest/http-clients",
    "specification": {
        "dependencies": {
            "rxjs": "^7.5.6"
        },
        "exports": [],
        "kind": "esm",
        "main": {
            "aliases": [],
            "dependencies": [
                "rxjs"
            ],
            "entryPoint": "./dist/@w3nest/http-clients.js",
            "name": ".",
            "stylesheets": []
        }
    },
    "version": "0.1.6-wip"
}