{
    "distribution": {
        "artifacts": [
            "dist"
        ],
        "files": {
            "ignore": [],
            "include": [
                "assets/*",
                "README.md"
            ]
        }
    },
    "metadata": {
        "description": "The W3Nest's laboratory application.",
        "displayName": null,
        "documentation": null,
        "icon": "/assets/favicon.svg",
        "license": null,
        "readme": "/README.md"
    },
    "name": "@w3nest/w3lab",
    "specification": {
        "dependencies": {
            "@floating-ui/dom": "^1.6.3",
            "@w3nest/http-clients": "^0.1.6",
            "@w3nest/rx-code-mirror-editors": "^0.1.0",
            "@w3nest/rx-tree-views": "^0.2.0",
            "@w3nest/webpm-client": "^0.1.4",
            "bootstrap": "^5.3.0",
            "d3": "^7.7.0",
            "mkdocs-ts": "^0.3.1",
            "rx-vdom": "^0.1.3",
            "rxjs": "^7.5.6"
        },
        "execution": {
            "openWidth": [],
            "standalone": true
        },
        "exports": [],
        "kind": "webapp",
        "main": {
            "dependencies": [
                "mkdocs-ts",
                "rx-vdom",
                "bootstrap",
                "@w3nest/webpm-client",
                "@w3nest/http-clients",
                "@w3nest/rx-tree-views",
                "@w3nest/rx-code-mirror-editors",
                "@floating-ui/dom",
                "rxjs",
                "d3"
            ],
            "entryPoint": "dist/index.html",
            "stylesheets": []
        }
    },
    "version": "0.8.1-wip"
}