{
    "date": "2025-03-13T11:58:28.841764",
    "files": [
        {
            "contentEncoding": "br",
            "contentType": "text/markdown",
            "hash": "e3a8165ecd772bd7542c614cafe3b70b",
            "path": "README.md"
        },
        {
            "contentEncoding": "br",
            "contentType": "text/markdown",
            "hash": "c89725bb54f8a5dd4ee4cd4282863ac7",
            "path": "assets/doc.tutorials.quick-tour.md"
        },
        {
            "contentEncoding": "br",
            "contentType": "image/svg+xml",
            "hash": "f7dcf2315d948956bc10b195a38cdec9",
            "path": "assets/icon-TS.svg"
        },
        {
            "contentEncoding": "br",
            "contentType": "text/markdown",
            "hash": "80d9849220dfcfb0aadc46d224321b53",
            "path": "assets/doc.how-to.config.projects.md"
        },
        {
            "contentEncoding": "br",
            "contentType": "text/markdown",
            "hash": "8dcdf24f98201787f1579ece9afaa06e",
            "path": "assets/doc.how-to.custom-home.md"
        },
        {
            "contentEncoding": "br",
            "contentType": "image/svg+xml",
            "hash": "f749d3d580dd5c7dee84db1aa03a233f",
            "path": "assets/favicon.svg"
        },
        {
            "contentEncoding": "identity",
            "contentType": "image/png",
            "hash": "d8be60776dc230fef67fd7ecb3dccaed",
            "path": "assets/co-lab-high.png"
        },
        {
            "contentEncoding": "br",
            "contentType": "text/markdown",
            "hash": "0c04e6067378eb1d63be9276ad8a0f49",
            "path": "assets/home.md"
        },
        {
            "contentEncoding": "identity",
            "contentType": "image/png",
            "hash": "671df766882f9fb5becaf9a6670dc382",
            "path": "assets/co-lab-light.png"
        },
        {
            "contentEncoding": "br",
            "contentType": "image/svg+xml",
            "hash": "3773c43874b426d63d805ed917bd1b8e",
            "path": "assets/icon-md.svg"
        },
        {
            "contentEncoding": "br",
            "contentType": "image/svg+xml",
            "hash": "7415a70abb0fbaeab688508b2d8b1ce4",
            "path": "assets/icon-css.svg"
        },
        {
            "contentEncoding": "br",
            "contentType": "image/svg+xml",
            "hash": "78543feedce594961e211d79a0ce75b8",
            "path": "assets/icon-python.svg"
        },
        {
            "contentEncoding": "br",
            "contentType": "text/markdown",
            "hash": "f6f2c8ac9dbc7cffbd15e011c742eb35",
            "path": "assets/doc.tutorials.md"
        },
        {
            "contentEncoding": "br",
            "contentType": "text/markdown",
            "hash": "cd09fd65292a259a614ca370a5d52911",
            "path": "assets/doc.how-to.config.md"
        },
        {
            "contentEncoding": "br",
            "contentType": "image/svg+xml",
            "hash": "1949d232de3967abfd40a83cbbde997c",
            "path": "assets/icon-js.svg"
        },
        {
            "contentEncoding": "br",
            "contentType": "image/svg+xml",
            "hash": "74455bfcb3812f919d277b976b57c2ea",
            "path": "assets/undefined_icon_file.svg"
        },
        {
            "contentEncoding": "br",
            "contentType": "text/markdown",
            "hash": "8c5465725672defce982fd968e740ab4",
            "path": "assets/doc.md"
        },
        {
            "contentEncoding": "br",
            "contentType": "text/markdown",
            "hash": "5a5c079bd7a7b33a1b0e3b1b1562c9d2",
            "path": "assets/doc.api.md"
        },
        {
            "contentEncoding": "br",
            "contentType": "text/markdown",
            "hash": "64303e8c50a9774820239ee1a8e6ec57",
            "path": "assets/doc.how-to.md"
        },
        {
            "contentEncoding": "br",
            "contentType": "application/json",
            "hash": "59b93b2cf5d045a3edcf96871a232d13",
            "path": "package.json"
        },
        {
            "contentEncoding": "br",
            "contentType": "text/javascript",
            "hash": "88fce1310171c71c0e804cc5012b6f82",
            "path": "dist/839.c5a58d5c278b291a3c11.js"
        },
        {
            "contentEncoding": "br",
            "contentType": "application/octet-stream",
            "hash": "50d3a7edaca0226614cd83651811f1f2",
            "path": "dist/main.aaa69d29301183089524.js.map"
        },
        {
            "contentEncoding": "br",
            "contentType": "text/javascript",
            "hash": "14ac1618e971c2fc757257e18df9e91d",
            "path": "dist/main.aaa69d29301183089524.js"
        },
        {
            "contentEncoding": "br",
            "contentType": "text/vnd.trolltech.linguist",
            "hash": "5c0c2978b065b7d569caf36bbbb7edfa",
            "path": "dist/webpack.config.d.ts"
        },
        {
            "contentEncoding": "br",
            "contentType": "application/octet-stream",
            "hash": "8090175a6fc2d6b3fe7db6b59d12c7d5",
            "path": "dist/839.c5a58d5c278b291a3c11.js.map"
        },
        {
            "contentEncoding": "br",
            "contentType": "text/javascript",
            "hash": "99f23e319324a74d2e8e524aaaaedf64",
            "path": "dist/955.e398a77ba995af00c466.js"
        },
        {
            "contentEncoding": "br",
            "contentType": "text/css",
            "hash": "13887824dcaa9fb892734ebaab48d65c",
            "path": "dist/style.602b2566bde241ef8554.css"
        },
        {
            "contentEncoding": "br",
            "contentType": "application/octet-stream",
            "hash": "c4e7557c9f8820aa096a6ee2a5d05b26",
            "path": "dist/955.e398a77ba995af00c466.js.map"
        },
        {
            "contentEncoding": "br",
            "contentType": "application/octet-stream",
            "hash": "61eda6b6584d71aa72e2b42578bf5196",
            "path": "dist/style.602b2566bde241ef8554.css.map"
        },
        {
            "contentEncoding": "br",
            "contentType": "text/html",
            "hash": "0ea46702325767d181ca64d7db302b2a",
            "path": "dist/bundle-analysis.html"
        },
        {
            "contentEncoding": "br",
            "contentType": "text/vnd.trolltech.linguist",
            "hash": "4a7e55bc703ce13b1374d50918fa3e97",
            "path": "dist/jest.config.d.ts"
        },
        {
            "contentEncoding": "br",
            "contentType": "text/vnd.trolltech.linguist",
            "hash": "d822c8b5fc5899ca2ae15e607f44c793",
            "path": "dist/rx-vdom.config.d.ts"
        },
        {
            "contentEncoding": "br",
            "contentType": "text/html",
            "hash": "af6be99d806112f4383ca18d7d00ed12",
            "path": "dist/index.html"
        }
    ],
    "fingerprint": "fbeab3c7cd827df707770cfa30d0e8b6",
    "w3Version": "0.1.13.dev"
}