{"date": "2024-07-08T18:08:50.190849", "ywVersion": "0.1.12.dev", "files": [{"path": "junit.xml", "contentEncoding": "identity", "contentType": "application/octet-stream", "hash": "1b736bb00714a5b769213a447b3d2c11"}, {"path": "LICENSE", "contentEncoding": "identity", "contentType": "application/octet-stream", "hash": "34608a2d06befbdcce3c89991f2a4bfc"}, {"path": "package.json", "contentEncoding": "identity", "contentType": "application/json", "hash": "2d5bbe42cf3f7803223db14e8e339cfb"}, {"path": "webpack.config.ts", "contentEncoding": "identity", "contentType": "application/octet-stream", "hash": "e6af2970d667c172a969d6ed614f0e8a"}, {"path": ".npmignore", "contentEncoding": "identity", "contentType": "application/octet-stream", "hash": "3041726ea881f9747a6127af0d23c5a3"}, {"path": ".gitignore", "contentEncoding": "identity", "contentType": "application/octet-stream", "hash": "72c489ac20b6d3d17936f90bc7621fd3"}, {"path": "template.py", "contentEncoding": "identity", "contentType": "application/octet-stream", "hash": "3fd1ede8e724b45eb7ec56fd0993b17e"}, {"path": "yarn.lock", "contentEncoding": "identity", "contentType": "application/octet-stream", "hash": "cbe1d4679bdd87fcef16986bcb31e45e"}, {"path": ".prettierignore", "contentEncoding": "identity", "contentType": "application/octet-stream", "hash": "13f21584a60ba70bf72fd541b790bc63"}, {"path": "jest.config.ts", "contentEncoding": "identity", "contentType": "application/octet-stream", "hash": "d6d62281fb1e002b9ba1a9b4a6ed5ec9"}, {"path": "README.md", "contentEncoding": "identity", "contentType": "application/octet-stream", "hash": "49af33b997beaf3499faf13ee3229868"}, {"path": "tsconfig.json", "contentEncoding": "identity", "contentType": "application/json", "hash": "2b48a316ff32af602056330be0d72ddb"}, {"path": "dist/webpack.config.d.ts", "contentEncoding": "identity", "contentType": "application/octet-stream", "hash": "7d1d390bf2a3052b887909ca262405df"}, {"path": "dist/highlight.js.js.map", "contentEncoding": "br", "contentType": "application/javascript;charset=UTF-8", "hash": "b36286644c70095d27bc3a631ef7bd77"}, {"path": "dist/bundle-analysis.html", "contentEncoding": "identity", "contentType": "text/html", "hash": "f76cbcf29dfc078ed11ac70cafdbc113"}, {"path": "dist/jest.config.d.ts", "contentEncoding": "identity", "contentType": "application/octet-stream", "hash": "2f0aa004b15580a7bcb1fafdae112d27"}, {"path": "dist/highlight.js.js", "contentEncoding": "br", "contentType": "application/javascript;charset=UTF-8", "hash": "abfff0b4a302af1312f45a29e2824718"}, {"path": "src/index.ts", "contentEncoding": "identity", "contentType": "application/octet-stream", "hash": "9cd198a5fb1651679a726c47bb24c660"}, {"path": "src/auto-generated.ts", "contentEncoding": "identity", "contentType": "application/octet-stream", "hash": "c4f31bd979ba39c16203c3617e4f6e20"}, {"path": "styles/stackoverflow-light.css", "contentEncoding": "br", "contentType": "text/css", "hash": "e8bc2948d7e75db5d20054335a7b9137"}, {"path": "styles/far.css", "contentEncoding": "br", "contentType": "text/css", "hash": "c19ac2a01d797013ab6965cb50f587c7"}, {"path": "styles/gradient-dark.css", "contentEncoding": "br", "contentType": "text/css", "hash": "7b7372702db76c57956bf5149a594ebf"}, {"path": "styles/paraiso-light.css", "contentEncoding": "br", "contentType": "text/css", "hash": "8637f574db9faa7fefe47b2b144b403b"}, {"path": "styles/school-book.css", "contentEncoding": "br", "contentType": "text/css", "hash": "a02197b31969d6028d722623551e7f81"}, {"path": "styles/xt256.css", "contentEncoding": "br", "contentType": "text/css", "hash": "54e20019f5460497da2033f2f16771ee"}, {"path": "styles/rainbow.css", "contentEncoding": "br", "contentType": "text/css", "hash": "0eeda5bf2c393fbf51d6f63588638601"}, {"path": "styles/googlecode.css", "contentEncoding": "br", "contentType": "text/css", "hash": "83199271205a6d16a5949cf9aa47c6af"}, {"path": "styles/lightfair.css", "contentEncoding": "br", "contentType": "text/css", "hash": "01edf869a9ef83482f1d2b4bf1ac8e2a"}, {"path": "styles/a11y-light.css", "contentEncoding": "br", "contentType": "text/css", "hash": "53b27118defa5e781d0a80f91bc9e191"}, {"path": "styles/srcery.css", "contentEncoding": "br", "contentType": "text/css", "hash": "5aa52d8227e488e164fe10af7ad8eecf"}, {"path": "styles/qtcreator-dark.css", "contentEncoding": "br", "contentType": "text/css", "hash": "dafd4cc5c077316dabd45f6d87fbf80f"}, {"path": "styles/grayscale.css", "contentEncoding": "br", "contentType": "text/css", "hash": "376166ade7f29d36ecff233e679424b4"}, {"path": "styles/vs2015.css", "contentEncoding": "br", "contentType": "text/css", "hash": "ef63721f7742367c18f7b5a6bff561ca"}, {"path": "styles/docco.css", "contentEncoding": "br", "contentType": "text/css", "hash": "79450bd1f461fad9bab6b7074eb1e0db"}, {"path": "styles/sunburst.css", "contentEncoding": "br", "contentType": "text/css", "hash": "0b91bafeb03fde37361f513966697388"}, {"path": "styles/foundation.css", "contentEncoding": "br", "contentType": "text/css", "hash": "aa4aaa23b2a7255fec0015b1059a5c7e"}, {"path": "styles/vs.css", "contentEncoding": "br", "contentType": "text/css", "hash": "13b442ec4436c769126172fbd49fba94"}, {"path": "styles/dark.css", "contentEncoding": "br", "contentType": "text/css", "hash": "6b85988401b7745fc86c5d72f76e09b6"}, {"path": "styles/purebasic.css", "contentEncoding": "br", "contentType": "text/css", "hash": "a8f73d9f7a95f90b3d3cc42b3fa07ea9"}, {"path": "styles/nord.css", "contentEncoding": "br", "contentType": "text/css", "hash": "34c59021306f8e893d2b7c8428519690"}, {"path": "styles/kimbie-light.css", "contentEncoding": "br", "contentType": "text/css", "hash": "d5b5ee5b00957e5611d3f9d54055d184"}, {"path": "styles/ascetic.css", "contentEncoding": "br", "contentType": "text/css", "hash": "b80c42363e298403f5a0ccfbc742b737"}, {"path": "styles/brown-papersq.png", "contentEncoding": "identity", "contentType": "image/png", "hash": "82cd9f5d6e9f0e3f3de24eaab6671d88"}, {"path": "styles/devibeans.css", "contentEncoding": "br", "contentType": "text/css", "hash": "f68c0ab7429b2b8271802549f3f9f4e2"}, {"path": "styles/default.css", "contentEncoding": "br", "contentType": "text/css", "hash": "dc4742807de3655cd42d85497eb103d4"}, {"path": "styles/stackoverflow-dark.css", "contentEncoding": "br", "contentType": "text/css", "hash": "398fffcbc691524c87a4de54f4a1903b"}, {"path": "styles/routeros.css", "contentEncoding": "br", "contentType": "text/css", "hash": "ccd6371eb436bcf771eca3422e45cfce"}, {"path": "styles/ir-black.css", "contentEncoding": "br", "contentType": "text/css", "hash": "6ec91090d512e4e524e04c35f0bd5cfe"}, {"path": "styles/monokai.css", "contentEncoding": "br", "contentType": "text/css", "hash": "f721192569f6c3faff99bd186afd075d"}, {"path": "styles/atom-one-dark.css", "contentEncoding": "br", "contentType": "text/css", "hash": "f44d507f709b47887d5501b633e769fc"}, {"path": "styles/arduino-light.css", "contentEncoding": "br", "contentType": "text/css", "hash": "13b55a610921a1d74910c9b76cb51990"}, {"path": "styles/idea.css", "contentEncoding": "br", "contentType": "text/css", "hash": "537bca33a0d74bd9e1f44185d8e6e84d"}, {"path": "styles/mono-blue.css", "contentEncoding": "br", "contentType": "text/css", "hash": "26d75a7fcb3f0c37ae1152499a59915e"}, {"path": "styles/kimbie-dark.css", "contentEncoding": "br", "contentType": "text/css", "hash": "06f23db7830f9bee353102dce555c3d6"}, {"path": "styles/paraiso-dark.css", "contentEncoding": "br", "contentType": "text/css", "hash": "80f488d5f80edba60b4c115f7f41b67f"}, {"path": "styles/isbl-editor-dark.css", "contentEncoding": "br", "contentType": "text/css", "hash": "cb9cde73f94b43a6b4e8f0029f4e41b8"}, {"path": "styles/androidstudio.css", "contentEncoding": "br", "contentType": "text/css", "hash": "9376f7dbec4832ee53ebe70c37d3853e"}, {"path": "styles/nnfx-dark.css", "contentEncoding": "br", "contentType": "text/css", "hash": "5f129ab27467c261e860b177e9560d6c"}, {"path": "styles/gml.css", "contentEncoding": "br", "contentType": "text/css", "hash": "85f06c79e71b65104846de09e18a1c7b"}, {"path": "styles/github.css", "contentEncoding": "br", "contentType": "text/css", "hash": "340e65ffd5c17713efc9107c06304f7b"}, {"path": "styles/pojoaque.css", "contentEncoding": "br", "contentType": "text/css", "hash": "65b53564eee3c186f05c1098cd6bd438"}, {"path": "styles/github-dark-dimmed.css", "contentEncoding": "br", "contentType": "text/css", "hash": "eb0792fb52ef0202242521980d4efbd8"}, {"path": "styles/arta.css", "contentEncoding": "br", "contentType": "text/css", "hash": "1307c83cb6fb4c2c01e5eb643c6e0efc"}, {"path": "styles/night-owl.css", "contentEncoding": "br", "contentType": "text/css", "hash": "8053635e5af1d02f390333b1d300b26f"}, {"path": "styles/hybrid.css", "contentEncoding": "br", "contentType": "text/css", "hash": "636368b34768b7d85786a106176021ad"}, {"path": "styles/color-brewer.css", "contentEncoding": "br", "contentType": "text/css", "hash": "9f951f9a1852736d09e779a98b2c22de"}, {"path": "styles/xcode.css", "contentEncoding": "br", "contentType": "text/css", "hash": "0cfa3193ace8274fb1d29f963aeaa3b5"}, {"path": "styles/magula.css", "contentEncoding": "br", "contentType": "text/css", "hash": "b47ca92842e226909fe41008bfe57e04"}, {"path": "styles/agate.css", "contentEncoding": "br", "contentType": "text/css", "hash": "c95b36b3bafbe00d45bedef8ef8c6239"}, {"path": "styles/shades-of-purple.css", "contentEncoding": "br", "contentType": "text/css", "hash": "2f2c0304148e0f32cf875c566b836513"}, {"path": "styles/pojoaque.jpg", "contentEncoding": "identity", "contentType": "application/octet-stream", "hash": "8c391d520d67f644c146dcfaee1eb25f"}, {"path": "styles/tomorrow-night-bright.css", "contentEncoding": "br", "contentType": "text/css", "hash": "9d0f8790b18aa92ff4da6d2d069649d2"}, {"path": "styles/obsidian.css", "contentEncoding": "br", "contentType": "text/css", "hash": "16a95216f577b91ce2b669b4e12a41d4"}, {"path": "styles/a11y-dark.css", "contentEncoding": "br", "contentType": "text/css", "hash": "fa74d6835e49fd367236c6da4b9efa63"}, {"path": "styles/atom-one-light.css", "contentEncoding": "br", "contentType": "text/css", "hash": "ea2f9435dccf3393b02ca719c96c05e3"}, {"path": "styles/lioshi.css", "contentEncoding": "br", "contentType": "text/css", "hash": "16ba6f034bb20b5d34d42b10d7b3daa6"}, {"path": "styles/qtcreator-light.css", "contentEncoding": "br", "contentType": "text/css", "hash": "ce3144c03a9f311e75c7b530dc407d66"}, {"path": "styles/codepen-embed.css", "contentEncoding": "br", "contentType": "text/css", "hash": "eb51257a6c0d8fde9fdfeb6c31fef3a7"}, {"path": "styles/github-dark.css", "contentEncoding": "br", "contentType": "text/css", "hash": "4009275e152550dcb97bce1b1b1985a6"}, {"path": "styles/tomorrow-night-blue.css", "contentEncoding": "br", "contentType": "text/css", "hash": "d1d29f0cdf46f3b7919db1b8e63d78b1"}, {"path": "styles/brown-paper.css", "contentEncoding": "br", "contentType": "text/css", "hash": "45ee59e099de9c772f9ec97d6f0f5cf7"}, {"path": "styles/gradient-light.css", "contentEncoding": "br", "contentType": "text/css", "hash": "03197d5c29f73b17bd756f1c47abe98a"}, {"path": "styles/an-old-hope.css", "contentEncoding": "br", "contentType": "text/css", "hash": "89d4dfbc14404ebc60cf6c32b5a241c4"}, {"path": "styles/atom-one-dark-reasonable.css", "contentEncoding": "br", "contentType": "text/css", "hash": "01dbecb57e2a8b9596488b2008e3e502"}, {"path": "styles/nnfx-light.css", "contentEncoding": "br", "contentType": "text/css", "hash": "67a11fb67d15a8243e8f001b92ad0e2f"}, {"path": "styles/monokai-sublime.css", "contentEncoding": "br", "contentType": "text/css", "hash": "41c020e9bd57b47ab0668140bb6af51b"}, {"path": "styles/isbl-editor-light.css", "contentEncoding": "br", "contentType": "text/css", "hash": "53c8b38aeee31e3ce2ca8e58992c7890"}, {"path": "dist/src/index.d.ts", "contentEncoding": "identity", "contentType": "application/octet-stream", "hash": "767cf73f554005d5554106328361709a"}, {"path": "dist/src/auto-generated.d.ts", "contentEncoding": "identity", "contentType": "application/octet-stream", "hash": "68f7e7b5821de203290f03f9e4e73dcf"}, {"path": "dist/src/tests/mock-requests.d.ts", "contentEncoding": "identity", "contentType": "application/octet-stream", "hash": "f6eb17fc136db20ec9d470f25d43b51b"}, {"path": "dist/src/tests/install.test.d.ts", "contentEncoding": "identity", "contentType": "application/octet-stream", "hash": "f07295dcb144e2f8036c02cd7b0bc29e"}, {"path": "dist/src/tests/common.d.ts", "contentEncoding": "identity", "contentType": "application/octet-stream", "hash": "fad2bf01d928b36b520698932bb5c36d"}, {"path": "src/tests/mock-requests.ts", "contentEncoding": "identity", "contentType": "application/octet-stream", "hash": "6fd0616f7f44c7b5bc34760d5b03db5a"}, {"path": "src/tests/install.test.ts", "contentEncoding": "identity", "contentType": "application/octet-stream", "hash": "20723a54bea880625baa7c3c87f75552"}, {"path": "src/tests/common.ts", "contentEncoding": "identity", "contentType": "application/octet-stream", "hash": "801eedcb8367c252111433d623256e7e"}, {"path": "styles/base16/mocha.css", "contentEncoding": "br", "contentType": "text/css", "hash": "f43e3b96e33cd616b6f219fbb1880cb4"}, {"path": "styles/base16/tender.css", "contentEncoding": "br", "contentType": "text/css", "hash": "588d0785065502d3861528a408605264"}, {"path": "styles/base16/xcode-dusk.css", "contentEncoding": "br", "contentType": "text/css", "hash": "6f318739404b0f43f1f4707681f5296c"}, {"path": "styles/base16/atelier-forest.css", "contentEncoding": "br", "contentType": "text/css", "hash": "5943a7c8ae596a452eb3423ca832ac9d"}, {"path": "styles/base16/london-tube.css", "contentEncoding": "br", "contentType": "text/css", "hash": "b844c040527fde4d84bae9b049cb84b1"}, {"path": "styles/base16/brush-trees-dark.css", "contentEncoding": "br", "contentType": "text/css", "hash": "1aba797329c368072b808aca8875b0e2"}, {"path": "styles/base16/hopscotch.css", "contentEncoding": "br", "contentType": "text/css", "hash": "c35b39410469126714994813cdd5077e"}, {"path": "styles/base16/papercolor-dark.css", "contentEncoding": "br", "contentType": "text/css", "hash": "f70beeb7780486a841a76d6a5cea1a9b"}, {"path": "styles/base16/papercolor-light.css", "contentEncoding": "br", "contentType": "text/css", "hash": "d681b90de9525aa1b7d62151502a5f3e"}, {"path": "styles/base16/horizon-dark.css", "contentEncoding": "br", "contentType": "text/css", "hash": "de63f0d9d67d41e3e204cd919659ee79"}, {"path": "styles/base16/summercamp.css", "contentEncoding": "br", "contentType": "text/css", "hash": "cee2b6c7b85ffca1a3e621219f8eef08"}, {"path": "styles/base16/black-metal-bathory.css", "contentEncoding": "br", "contentType": "text/css", "hash": "065f09ee7fe6cb55c5a53ad2fc1cdaf3"}, {"path": "styles/base16/gruvbox-dark-pale.css", "contentEncoding": "br", "contentType": "text/css", "hash": "5eeda9d0dc3f5aa9a5b24ee725476492"}, {"path": "styles/base16/black-metal-gorgoroth.css", "contentEncoding": "br", "contentType": "text/css", "hash": "5ec6fc4635ba5b9fb7475cd1662c3827"}, {"path": "styles/base16/solar-flare-light.css", "contentEncoding": "br", "contentType": "text/css", "hash": "182a6ea4eb01ef80a3bbeb10fe80f2a4"}, {"path": "styles/base16/atelier-plateau.css", "contentEncoding": "br", "contentType": "text/css", "hash": "de8030c3a340cbbffe5a5be8cc7e4677"}, {"path": "styles/base16/framer.css", "contentEncoding": "br", "contentType": "text/css", "hash": "1713a4e77d3e238e7b1f34c860ae6023"}, {"path": "styles/base16/windows-95.css", "contentEncoding": "br", "contentType": "text/css", "hash": "5e071a8e5152e4ef97529f3963cb619b"}, {"path": "styles/base16/equilibrium-light.css", "contentEncoding": "br", "contentType": "text/css", "hash": "bb2952b75301f66b1475747db266ea45"}, {"path": "styles/base16/atelier-savanna-light.css", "contentEncoding": "br", "contentType": "text/css", "hash": "2de0b84d7112e355ffbfa95dbbe7e79c"}, {"path": "styles/base16/atelier-heath-light.css", "contentEncoding": "br", "contentType": "text/css", "hash": "089c7bb159c06fd580fc39b53eeb5674"}, {"path": "styles/base16/ocean.css", "contentEncoding": "br", "contentType": "text/css", "hash": "7f845ae4ff58a599bb2f0df0f2c728a8"}, {"path": "styles/base16/kimber.css", "contentEncoding": "br", "contentType": "text/css", "hash": "fd15c19cdae34589baff6c888d05cf58"}, {"path": "styles/base16/eva.css", "contentEncoding": "br", "contentType": "text/css", "hash": "40ff4ed06f2aba79ac1d3f397607fe13"}, {"path": "styles/base16/dark-violet.css", "contentEncoding": "br", "contentType": "text/css", "hash": "292256f9aed1e6e1a446f4651bb6348a"}, {"path": "styles/base16/atelier-forest-light.css", "contentEncoding": "br", "contentType": "text/css", "hash": "60b250b955be53230c336947a9e51c55"}, {"path": "styles/base16/tomorrow.css", "contentEncoding": "br", "contentType": "text/css", "hash": "590c43d69a72e5480d2468593ba96160"}, {"path": "styles/base16/silk-light.css", "contentEncoding": "br", "contentType": "text/css", "hash": "17de10809364da79d6fe86a144b6a684"}, {"path": "styles/base16/ia-light.css", "contentEncoding": "br", "contentType": "text/css", "hash": "3ee7fc0389b6478415e8543dab864cbe"}, {"path": "styles/base16/dracula.css", "contentEncoding": "br", "contentType": "text/css", "hash": "0971b27de9e8b5a28624f6d6156ed7d2"}, {"path": "styles/base16/black-metal.css", "contentEncoding": "br", "contentType": "text/css", "hash": "5b937615c63c84859195418d937cf584"}, {"path": "styles/base16/mellow-purple.css", "contentEncoding": "br", "contentType": "text/css", "hash": "dd56856866176d464582e4d43b41f826"}, {"path": "styles/base16/google-light.css", "contentEncoding": "br", "contentType": "text/css", "hash": "f0438efaf529b4680aa716d126b626dd"}, {"path": "styles/base16/seti-ui.css", "contentEncoding": "br", "contentType": "text/css", "hash": "975284d66fe05f6ae3d7090584e7e7a3"}, {"path": "styles/base16/embers.css", "contentEncoding": "br", "contentType": "text/css", "hash": "d42884840c7d46b6e76ae8848067ba3c"}, {"path": "styles/base16/solarized-light.css", "contentEncoding": "br", "contentType": "text/css", "hash": "ee3378cb67f4ba32a90e3977f533e2a7"}, {"path": "styles/base16/espresso.css", "contentEncoding": "br", "contentType": "text/css", "hash": "cae7644dfdf3e5824b84599c5c8ddc4d"}, {"path": "styles/base16/twilight.css", "contentEncoding": "br", "contentType": "text/css", "hash": "85653a3e72e3dbf371c8dbb4130dc8ac"}, {"path": "styles/base16/shapeshifter.css", "contentEncoding": "br", "contentType": "text/css", "hash": "a8cc5d440525faa692561fa19708c629"}, {"path": "styles/base16/material-palenight.css", "contentEncoding": "br", "contentType": "text/css", "hash": "82a534bfa2ef63b1ee5234b1c414e3fd"}, {"path": "styles/base16/nord.css", "contentEncoding": "br", "contentType": "text/css", "hash": "9c115e52e11a337e45e08ebfe9a0f8b4"}, {"path": "styles/base16/eva-dim.css", "contentEncoding": "br", "contentType": "text/css", "hash": "55b6c7ee00f908aadf3209701c0a292e"}, {"path": "styles/base16/atelier-dune-light.css", "contentEncoding": "br", "contentType": "text/css", "hash": "aa5bf0d89387a3e958191ebef51b5d92"}, {"path": "styles/base16/icy-dark.css", "contentEncoding": "br", "contentType": "text/css", "hash": "ced0efe711c4e105e7108e4999c4cf37"}, {"path": "styles/base16/pop.css", "contentEncoding": "br", "contentType": "text/css", "hash": "84edf25bbf487a2e59106d86a136aa1b"}, {"path": "styles/base16/outrun-dark.css", "contentEncoding": "br", "contentType": "text/css", "hash": "1e3744de1e4cd1e06e4a5964b7129452"}, {"path": "styles/base16/grayscale-light.css", "contentEncoding": "br", "contentType": "text/css", "hash": "815bcf59742fa0667c97d2543e4aa09f"}, {"path": "styles/base16/eighties.css", "contentEncoding": "br", "contentType": "text/css", "hash": "fb995e2840cc8c2049433a72c98a5075"}, {"path": "styles/base16/brogrammer.css", "contentEncoding": "br", "contentType": "text/css", "hash": "27fdd4b247708ff90a087f54da621a85"}, {"path": "styles/base16/windows-nt-light.css", "contentEncoding": "br", "contentType": "text/css", "hash": "672101cc50a836a25a28c4b1969cbaa5"}, {"path": "styles/base16/black-metal-nile.css", "contentEncoding": "br", "contentType": "text/css", "hash": "807a907006eade869cfdcc86db38d76e"}, {"path": "styles/base16/black-metal-mayhem.css", "contentEncoding": "br", "contentType": "text/css", "hash": "12d3389982c41629860a1beb3dacda26"}, {"path": "styles/base16/heetch-light.css", "contentEncoding": "br", "contentType": "text/css", "hash": "db769587a9f39121fbce7053ed14a374"}, {"path": "styles/base16/atelier-lakeside.css", "contentEncoding": "br", "contentType": "text/css", "hash": "ce524d3940d09cf20d8ea366d586c8b6"}, {"path": "styles/base16/ros-pine-moon.css", "contentEncoding": "br", "contentType": "text/css", "hash": "482b452d4335b5337e02dcee1e9d55d9"}, {"path": "styles/base16/isotope.css", "contentEncoding": "br", "contentType": "text/css", "hash": "4caee0035e1c766b393a86a444a2d924"}, {"path": "styles/base16/material-vivid.css", "contentEncoding": "br", "contentType": "text/css", "hash": "9501e2ecfedabaa3497af207b404a84c"}, {"path": "styles/base16/zenburn.css", "contentEncoding": "br", "contentType": "text/css", "hash": "90c25629e9e2d7da79076defdf89e28c"}, {"path": "styles/base16/synth-midnight-terminal-light.css", "contentEncoding": "br", "contentType": "text/css", "hash": "baf7043995c789f101ebb1c05835110e"}, {"path": "styles/base16/black-metal-venom.css", "contentEncoding": "br", "contentType": "text/css", "hash": "69fb59bba9d2c6f3f48e108d66e0506f"}, {"path": "styles/base16/windows-nt.css", "contentEncoding": "br", "contentType": "text/css", "hash": "7405ed71136b4ff0ec72700c8385f293"}, {"path": "styles/base16/atelier-cave.css", "contentEncoding": "br", "contentType": "text/css", "hash": "847d40a025b5a8231faf436cc7e5906f"}, {"path": "styles/base16/hardcore.css", "contentEncoding": "br", "contentType": "text/css", "hash": "b3768c5f4e771c20586dab5bfe62e338"}, {"path": "styles/base16/ir-black.css", "contentEncoding": "br", "contentType": "text/css", "hash": "8f0383c8e1e01046b920ff1f2c1c62e1"}, {"path": "styles/base16/monokai.css", "contentEncoding": "br", "contentType": "text/css", "hash": "8801658bddfca9216aef77d07d3f32e1"}, {"path": "styles/base16/sandcastle.css", "contentEncoding": "br", "contentType": "text/css", "hash": "89aa538dcb56841dcf97c00efb10152f"}, {"path": "styles/base16/colors.css", "contentEncoding": "br", "contentType": "text/css", "hash": "82318bba4fd3835794f25d1e8e0f8d48"}, {"path": "styles/base16/materia.css", "contentEncoding": "br", "contentType": "text/css", "hash": "f3bac1603524fa2e55df53d04139cec8"}, {"path": "styles/base16/unikitty-dark.css", "contentEncoding": "br", "contentType": "text/css", "hash": "139471b2e023b8247b178c6115fa9c00"}, {"path": "styles/base16/pico.css", "contentEncoding": "br", "contentType": "text/css", "hash": "4dcb8220b208284fedd8cbaa803c0957"}, {"path": "styles/base16/ros-pine-dawn.css", "contentEncoding": "br", "contentType": "text/css", "hash": "2cb199a6480dfd4c7d55b7c348571d80"}, {"path": "styles/base16/atelier-savanna.css", "contentEncoding": "br", "contentType": "text/css", "hash": "3eb168f2c26ddd23c6a498ca16745c7f"}, {"path": "styles/base16/apprentice.css", "contentEncoding": "br", "contentType": "text/css", "hash": "722bfa32f88ec60369d5411495647176"}, {"path": "styles/base16/apathy.css", "contentEncoding": "br", "contentType": "text/css", "hash": "d1f6ca2d59c61b114e65d009af902564"}, {"path": "styles/base16/vulcan.css", "contentEncoding": "br", "contentType": "text/css", "hash": "c63f913976936cf224f3635546b994eb"}, {"path": "styles/base16/sagelight.css", "contentEncoding": "br", "contentType": "text/css", "hash": "3393e7df68e04c92ac415e119d4d2ea4"}, {"path": "styles/base16/circus.css", "contentEncoding": "br", "contentType": "text/css", "hash": "efba69e0e0588983d77b0de587c7b9ad"}, {"path": "styles/base16/atelier-lakeside-light.css", "contentEncoding": "br", "contentType": "text/css", "hash": "dca68d51d7a36942df84a2c5e7dedace"}, {"path": "styles/base16/flat.css", "contentEncoding": "br", "contentType": "text/css", "hash": "e6529df6fc76d30e9e41d51a8d8bc0d3"}, {"path": "styles/base16/railscasts.css", "contentEncoding": "br", "contentType": "text/css", "hash": "b54880c70a35be6fbcef725807cf3218"}, {"path": "styles/base16/pasque.css", "contentEncoding": "br", "contentType": "text/css", "hash": "13c65695f3440dfacd5c914702920edb"}, {"path": "styles/base16/solarized-dark.css", "contentEncoding": "br", "contentType": "text/css", "hash": "2a997a7a2eb8067e15029ba92bffc9b6"}, {"path": "styles/base16/windows-10.css", "contentEncoding": "br", "contentType": "text/css", "hash": "543f26a7d835ab0aed014b50e0acd0d5"}, {"path": "styles/base16/material-lighter.css", "contentEncoding": "br", "contentType": "text/css", "hash": "9f24bb41334b4ae9e23ee285aa77b81f"}, {"path": "styles/base16/google-dark.css", "contentEncoding": "br", "contentType": "text/css", "hash": "c01ac955bb5b3b9a48d3ec34a7b69f8b"}, {"path": "styles/base16/synth-midnight-terminal-dark.css", "contentEncoding": "br", "contentType": "text/css", "hash": "e9077658d631369b3c8290af24702934"}, {"path": "styles/base16/material.css", "contentEncoding": "br", "contentType": "text/css", "hash": "41d03d430acc127d3b21e875dac06302"}, {"path": "styles/base16/atelier-sulphurpool-light.css", "contentEncoding": "br", "contentType": "text/css", "hash": "3d60fd6904d35a8eb3b6955e53d7e184"}, {"path": "styles/base16/windows-high-contrast.css", "contentEncoding": "br", "contentType": "text/css", "hash": "f9502b06d8daec66ced63a885fd39da7"}, {"path": "styles/base16/decaf.css", "contentEncoding": "br", "contentType": "text/css", "hash": "88b2171b88b8b1c878fe753f3a36a66a"}, {"path": "styles/base16/porple.css", "contentEncoding": "br", "contentType": "text/css", "hash": "37889e76610bb35c395b28962092fe16"}, {"path": "styles/base16/gruvbox-dark-soft.css", "contentEncoding": "br", "contentType": "text/css", "hash": "6f705362b188c2e7d03f1dc72d63312a"}, {"path": "styles/base16/gigavolt.css", "contentEncoding": "br", "contentType": "text/css", "hash": "16be49ced4bc6d7ad9152235f3b8785e"}, {"path": "styles/base16/github.css", "contentEncoding": "br", "contentType": "text/css", "hash": "301c769b1b0b73ec8ce3baafa1ada6f9"}, {"path": "styles/base16/codeschool.css", "contentEncoding": "br", "contentType": "text/css", "hash": "650a7fb361461b36cf831bf800f96ed5"}, {"path": "styles/base16/brush-trees.css", "contentEncoding": "br", "contentType": "text/css", "hash": "52e72160f666efbb9ab2c122eda04da9"}, {"path": "styles/base16/black-metal-immortal.css", "contentEncoding": "br", "contentType": "text/css", "hash": "001c2d9086ce10b33251c90097e1acd9"}, {"path": "styles/base16/phd.css", "contentEncoding": "br", "contentType": "text/css", "hash": "c4901f1cb7de2f16e7df1c1c0479508e"}, {"path": "styles/base16/qualia.css", "contentEncoding": "br", "contentType": "text/css", "hash": "7a841a786312c3668e18f2a7fb08dc21"}, {"path": "styles/base16/edge-dark.css", "contentEncoding": "br", "contentType": "text/css", "hash": "bfec636eaacb5627de067a89a9ddd00e"}, {"path": "styles/base16/windows-high-contrast-light.css", "contentEncoding": "br", "contentType": "text/css", "hash": "56026dc7142052b91029854d8b2abad0"}, {"path": "styles/base16/helios.css", "contentEncoding": "br", "contentType": "text/css", "hash": "c7cc58b47fe81343baf34b4419ec15a0"}, {"path": "styles/base16/cupertino.css", "contentEncoding": "br", "contentType": "text/css", "hash": "9a26041e3928715491f512006260bfb4"}, {"path": "styles/base16/gruvbox-dark-medium.css", "contentEncoding": "br", "contentType": "text/css", "hash": "f1207d4801b8ffd27218635e5ec683c4"}, {"path": "styles/base16/windows-10-light.css", "contentEncoding": "br", "contentType": "text/css", "hash": "c6d5e023b7973d9943d0771f41fe4102"}, {"path": "styles/base16/gruvbox-light-medium.css", "contentEncoding": "br", "contentType": "text/css", "hash": "74e923c6e818330a0b821d30e7e8d529"}, {"path": "styles/base16/summerfruit-dark.css", "contentEncoding": "br", "contentType": "text/css", "hash": "187568fc1a81c9d4f40cca8ac3e78977"}, {"path": "styles/base16/atelier-sulphurpool.css", "contentEncoding": "br", "contentType": "text/css", "hash": "f376fd6a16ec2f40d174b3343a3ac0c9"}, {"path": "styles/base16/darcula.css", "contentEncoding": "br", "contentType": "text/css", "hash": "2ccf2df60e6c919b8f160d5223edf2a7"}, {"path": "styles/base16/onedark.css", "contentEncoding": "br", "contentType": "text/css", "hash": "9e9b27e0f846a64f9f352a9436599f24"}, {"path": "styles/base16/edge-light.css", "contentEncoding": "br", "contentType": "text/css", "hash": "ff807be4c7822c1324a4973095d97fe0"}, {"path": "styles/base16/nebula.css", "contentEncoding": "br", "contentType": "text/css", "hash": "3cc76fa3aa2006f721c6a33dedce887d"}, {"path": "styles/base16/paraiso.css", "contentEncoding": "br", "contentType": "text/css", "hash": "9f037d7266c849df1039d5e3dfcc64c9"}, {"path": "styles/base16/danqing.css", "contentEncoding": "br", "contentType": "text/css", "hash": "00831e408aa49a08448a2cd1f0ff070d"}, {"path": "styles/base16/nova.css", "contentEncoding": "br", "contentType": "text/css", "hash": "e86fbde7858f1e0a944275f516063090"}, {"path": "styles/base16/ia-dark.css", "contentEncoding": "br", "contentType": "text/css", "hash": "f9c28770c5e70a1a86b2971e639320af"}, {"path": "styles/base16/atlas.css", "contentEncoding": "br", "contentType": "text/css", "hash": "af01e6e1191162603f38cde9b168e64a"}, {"path": "styles/base16/unikitty-light.css", "contentEncoding": "br", "contentType": "text/css", "hash": "2c10f74df8f83110979005e7b3f9104e"}, {"path": "styles/base16/atelier-plateau-light.css", "contentEncoding": "br", "contentType": "text/css", "hash": "c46865ddd02bbeaf91d2ca998e1ab3da"}, {"path": "styles/base16/black-metal-dark-funeral.css", "contentEncoding": "br", "contentType": "text/css", "hash": "bd80752884ad828e4d0ee48b3e08c342"}, {"path": "styles/base16/heetch-dark.css", "contentEncoding": "br", "contentType": "text/css", "hash": "b936194f92a72438d6894180be4e5a4f"}, {"path": "styles/base16/material-darker.css", "contentEncoding": "br", "contentType": "text/css", "hash": "09757ab4a44526f969f8410157dcdcc3"}, {"path": "styles/base16/default-light.css", "contentEncoding": "br", "contentType": "text/css", "hash": "0afe4c3b9bda681be39f943684b69f69"}, {"path": "styles/base16/darkmoss.css", "contentEncoding": "br", "contentType": "text/css", "hash": "339bc8d7c4a296262afd9bc9d078db8c"}, {"path": "styles/base16/rebecca.css", "contentEncoding": "br", "contentType": "text/css", "hash": "27727df20a24cdddd8f3bdda827ca327"}, {"path": "styles/base16/ros-pine.css", "contentEncoding": "br", "contentType": "text/css", "hash": "4f68c10b3833b9076afbdd43508b219f"}, {"path": "styles/base16/summerfruit-light.css", "contentEncoding": "br", "contentType": "text/css", "hash": "cac1ef4bfba2de61289ba7a469ab2259"}, {"path": "styles/base16/atelier-heath.css", "contentEncoding": "br", "contentType": "text/css", "hash": "6276ce1a4fd073ba55be187fceca5407"}, {"path": "styles/base16/atelier-seaside-light.css", "contentEncoding": "br", "contentType": "text/css", "hash": "64547552e5fdc7c7c0d8a19258f107e1"}, {"path": "styles/base16/fruit-soda.css", "contentEncoding": "br", "contentType": "text/css", "hash": "17b2f04ab4120effdf714cde9a086f20"}, {"path": "styles/base16/ashes.css", "contentEncoding": "br", "contentType": "text/css", "hash": "61c81c7cd37e889681ba150ed861af9b"}, {"path": "styles/base16/atelier-seaside.css", "contentEncoding": "br", "contentType": "text/css", "hash": "7bf58769e8e684bc3464752e06890fbc"}, {"path": "styles/base16/gruvbox-dark-hard.css", "contentEncoding": "br", "contentType": "text/css", "hash": "6bffd789d95ee502fbf55127088ca6e6"}, {"path": "styles/base16/bespin.css", "contentEncoding": "br", "contentType": "text/css", "hash": "2517b8b4c768ed09a76725793ddb44ab"}, {"path": "styles/base16/solar-flare.css", "contentEncoding": "br", "contentType": "text/css", "hash": "ffceb82b6f209387b810fdd64e1ee7d5"}, {"path": "styles/base16/black-metal-khold.css", "contentEncoding": "br", "contentType": "text/css", "hash": "2bb860f5d695c89111dc378b6ce9d098"}, {"path": "styles/base16/spacemacs.css", "contentEncoding": "br", "contentType": "text/css", "hash": "d892a4e7f45e191fbdb76fc679d11db7"}, {"path": "styles/base16/tango.css", "contentEncoding": "br", "contentType": "text/css", "hash": "dffd01f4ef171a3bd04a8a1787501229"}, {"path": "styles/base16/woodland.css", "contentEncoding": "br", "contentType": "text/css", "hash": "b539a7f89b08bc951801ba404b26af8b"}, {"path": "styles/base16/harmonic16-light.css", "contentEncoding": "br", "contentType": "text/css", "hash": "a53daec33b832bfb1fd0375862f8d0bc"}, {"path": "styles/base16/atelier-estuary-light.css", "contentEncoding": "br", "contentType": "text/css", "hash": "e69ba5f94f9d4375d2aefa5ce8a6f9cc"}, {"path": "styles/base16/humanoid-light.css", "contentEncoding": "br", "contentType": "text/css", "hash": "8e71304e570c46161a4f63317495cb24"}, {"path": "styles/base16/classic-dark.css", "contentEncoding": "br", "contentType": "text/css", "hash": "527bc06c28ec865502faf6102af80ba8"}, {"path": "styles/base16/default-dark.css", "contentEncoding": "br", "contentType": "text/css", "hash": "357124e696e0a53e7690a8ae04ee93ec"}, {"path": "styles/base16/atelier-cave-light.css", "contentEncoding": "br", "contentType": "text/css", "hash": "5a91117c68931ac4bf9d276057a97ec8"}, {"path": "styles/base16/silk-dark.css", "contentEncoding": "br", "contentType": "text/css", "hash": "ca27466f80414ea07f6feeebb4cc2c71"}, {"path": "styles/base16/dirtysea.css", "contentEncoding": "br", "contentType": "text/css", "hash": "bfe89e76821b14c00ab2f7bcb55e4d54"}, {"path": "styles/base16/3024.css", "contentEncoding": "br", "contentType": "text/css", "hash": "25eeb863827e4878605065b86658c5f6"}, {"path": "styles/base16/bright.css", "contentEncoding": "br", "contentType": "text/css", "hash": "3836a80cd1c70a24b31bd121e17a1910"}, {"path": "styles/base16/green-screen.css", "contentEncoding": "br", "contentType": "text/css", "hash": "d31f95b991f24b1c61c05bdae085a6fe"}, {"path": "styles/base16/equilibrium-gray-dark.css", "contentEncoding": "br", "contentType": "text/css", "hash": "f20d8606050ea6632390db48b1fead2a"}, {"path": "styles/base16/marrakesh.css", "contentEncoding": "br", "contentType": "text/css", "hash": "5d4ad7be58477d135fa297ad9a4dcce8"}, {"path": "styles/base16/gruvbox-light-hard.css", "contentEncoding": "br", "contentType": "text/css", "hash": "2379c77974830f05ae8a564b76845abe"}, {"path": "styles/base16/horizon-light.css", "contentEncoding": "br", "contentType": "text/css", "hash": "12f2dbb4a93a4319535e05699c6ce85d"}, {"path": "styles/base16/cupcake.css", "contentEncoding": "br", "contentType": "text/css", "hash": "c1830140e231e4e99adfc76616d73203"}, {"path": "styles/base16/mexico-light.css", "contentEncoding": "br", "contentType": "text/css", "hash": "184ffccefc67d30fcb7edea05c92f2ee"}, {"path": "styles/base16/macintosh.css", "contentEncoding": "br", "contentType": "text/css", "hash": "b8d762fbb64ced38e05c9a9735ef372c"}, {"path": "styles/base16/tomorrow-night.css", "contentEncoding": "br", "contentType": "text/css", "hash": "69daa12ccb5c23bacb924a0f39e0404d"}, {"path": "styles/base16/atelier-estuary.css", "contentEncoding": "br", "contentType": "text/css", "hash": "1cd46eafaeaceb6670ca8c32e91def7e"}, {"path": "styles/base16/harmonic16-dark.css", "contentEncoding": "br", "contentType": "text/css", "hash": "2171dea93b268fc34c3dac2a2357ca2a"}, {"path": "styles/base16/humanoid-dark.css", "contentEncoding": "br", "contentType": "text/css", "hash": "cad1ee3b8ca558506d68b95b7357a797"}, {"path": "styles/base16/atelier-dune.css", "contentEncoding": "br", "contentType": "text/css", "hash": "9f6d96cb53d7c3f5d123fe79bd7e6f18"}, {"path": "styles/base16/brewer.css", "contentEncoding": "br", "contentType": "text/css", "hash": "1d0485462848c5ec6529b5c2417947b3"}, {"path": "styles/base16/darktooth.css", "contentEncoding": "br", "contentType": "text/css", "hash": "3cdac7d86be3d60b713cc804f4d62b18"}, {"path": "styles/base16/grayscale-dark.css", "contentEncoding": "br", "contentType": "text/css", "hash": "e50653788346561eb9cbd393016a5cef"}, {"path": "styles/base16/gruvbox-light-soft.css", "contentEncoding": "br", "contentType": "text/css", "hash": "1660f96de011402a8abe890d9ba0a608"}, {"path": "styles/base16/black-metal-burzum.css", "contentEncoding": "br", "contentType": "text/css", "hash": "40dec31db6b1328a589d72c3f21582a7"}, {"path": "styles/base16/snazzy.css", "contentEncoding": "br", "contentType": "text/css", "hash": "17530ae8c14798af8a622978ac52406a"}, {"path": "styles/base16/black-metal-marduk.css", "contentEncoding": "br", "contentType": "text/css", "hash": "c38abd65a60840148c842a03568beefc"}, {"path": "styles/base16/equilibrium-dark.css", "contentEncoding": "br", "contentType": "text/css", "hash": "a819d44a79c5038ed80b6615d59c06cc"}, {"path": "styles/base16/classic-light.css", "contentEncoding": "br", "contentType": "text/css", "hash": "958df86fd076c46ddca608daafeb886c"}, {"path": "styles/base16/chalk.css", "contentEncoding": "br", "contentType": "text/css", "hash": "dd01ef5455c65f3cb55a53885edaf848"}, {"path": "styles/base16/equilibrium-gray-light.css", "contentEncoding": "br", "contentType": "text/css", "hash": "73b330f6f664159ceee95d3b4a2a2894"}, {"path": "styles/base16/one-light.css", "contentEncoding": "br", "contentType": "text/css", "hash": "fcf965ec714f63dfd863fd37aaf5f84c"}, {"path": "styles/base16/oceanicnext.css", "contentEncoding": "br", "contentType": "text/css", "hash": "134eef96df68173350e99b4607a01973"}, {"path": "styles/base16/windows-95-light.css", "contentEncoding": "br", "contentType": "text/css", "hash": "8a3897fc1c4a1152768c7f7fd9207e4b"}]}