{
    "distribution": {
        "artifacts": [
            "dist"
        ],
        "files": {
            "ignore": [],
            "include": [
                "assets/*",
                "README.md"
            ]
        }
    },
    "metadata": {
        "description": "W3Nest documentation",
        "displayName": null,
        "documentation": null,
        "icon": "/assets/favicon.svg",
        "license": "MIT",
        "readme": "/README.md"
    },
    "name": "@w3nest/doc",
    "specification": {
        "dependencies": {
            "@mkdocs-ts/code-api": "^0.2.3",
            "@w3nest/http-clients": "^0.1.5",
            "@w3nest/ui-tk": "^0.1.6",
            "@w3nest/webpm-client": "^0.1.10",
            "mkdocs-ts": "^0.5.3",
            "rx-vdom": "^0.1.4",
            "rxjs": "^7.5.6"
        },
        "execution": {
            "openWidth": [],
            "standalone": true
        },
        "exports": [
            {
                "aliases": [],
                "dependencies": [
                    "mkdocs-ts",
                    "rx-vdom",
                    "rxjs",
                    "@w3nest/webpm-client"
                ],
                "entryPoint": "./dist/api.js",
                "name": "./api",
                "stylesheets": []
            },
            {
                "aliases": [],
                "dependencies": [
                    "mkdocs-ts",
                    "rx-vdom",
                    "rxjs",
                    "@w3nest/webpm-client"
                ],
                "entryPoint": "./dist/how-to.js",
                "name": "./how-to",
                "stylesheets": []
            }
        ],
        "kind": "webapp",
        "main": {
            "dependencies": [
                "mkdocs-ts",
                "rx-vdom",
                "rxjs",
                "@w3nest/webpm-client",
                "@w3nest/http-clients",
                "@w3nest/ui-tk/Badges",
                "@w3nest/ui-tk/Mkdocs"
            ],
            "entryPoint": "dist/index.html",
            "stylesheets": []
        },
        "security": {
            "coep": "unsafe-none",
            "coop": "same-origin",
            "csp": null,
            "referrer_policy": "strict-origin-when-cross-origin"
        }
    },
    "version": "0.1.13-wip"
}