{
    "date": "2025-09-06T08:18:53.091317",
    "files": [
        {
            "contentEncoding": "br",
            "contentType": "text/markdown",
            "hash": "d2da1a981cf3e7253723da22d6770c76",
            "path": "README.md"
        },
        {
            "contentEncoding": "br",
            "contentType": "text/markdown",
            "hash": "23cec32a97a36b5d1ef83165afc39ac3",
            "path": "assets/technical-picture.md"
        },
        {
            "contentEncoding": "br",
            "contentType": "text/markdown",
            "hash": "d42316983f08d229aa111483bba3f929",
            "path": "assets/alpha.md"
        },
        {
            "contentEncoding": "br",
            "contentType": "text/markdown",
            "hash": "8abf8aefa4e059c2d2fe7c9694c073e0",
            "path": "assets/how-to.start-youwol.md"
        },
        {
            "contentEncoding": "br",
            "contentType": "text/markdown",
            "hash": "2ec9d8f8ebb23642e4b9d474b3ac10ae",
            "path": "assets/notes.md"
        },
        {
            "contentEncoding": "br",
            "contentType": "image/svg+xml",
            "hash": "a1054b999e6747c4b60f8563818e9599",
            "path": "assets/connected.svg"
        },
        {
            "contentEncoding": "br",
            "contentType": "image/svg+xml",
            "hash": "8bc54650e77dc0e5679deb90edb4f7dd",
            "path": "assets/favicon.svg"
        },
        {
            "contentEncoding": "br",
            "contentType": "text/markdown",
            "hash": "90b23094f0b0c5ab7315fb6699900e1e",
            "path": "assets/references.md"
        },
        {
            "contentEncoding": "identity",
            "contentType": "image/png",
            "hash": "7e9a6e34f27d5b1779caa834594749c9",
            "path": "assets/w3lab.png"
        },
        {
            "contentEncoding": "br",
            "contentType": "text/markdown",
            "hash": "4f28e7ba6be4e1f5f3835531b8ed31fd",
            "path": "assets/how-to.project-ci.md"
        },
        {
            "contentEncoding": "br",
            "contentType": "text/markdown",
            "hash": "fb8c46e7691fc9654a870dc411669316",
            "path": "assets/how-to.publish.md"
        },
        {
            "contentEncoding": "br",
            "contentType": "text/markdown",
            "hash": "e7e5e85101b4dab47857e73b670937c4",
            "path": "assets/api.md"
        },
        {
            "contentEncoding": "br",
            "contentType": "text/markdown",
            "hash": "4b7d8befa7b5e126daf17d6ebb7e3312",
            "path": "assets/how-to.install.md"
        },
        {
            "contentEncoding": "br",
            "contentType": "text/markdown",
            "hash": "632eb7fdf4b78ad21174a260545c5e05",
            "path": "assets/how-to.md"
        },
        {
            "contentEncoding": "identity",
            "contentType": "image/png",
            "hash": "5349397c7032ab9c3234f9fd0d9c98aa",
            "path": "assets/mkdocs-ts.png"
        },
        {
            "contentEncoding": "br",
            "contentType": "text/markdown",
            "hash": "2ccce2d962b4c8fdcbcc145ebd848c6f",
            "path": "assets/CHANGELOG.md"
        },
        {
            "contentEncoding": "br",
            "contentType": "text/markdown",
            "hash": "de9a7790b7273959ead3d0f2b76cb2c5",
            "path": "assets/quick-start.md"
        },
        {
            "contentEncoding": "br",
            "contentType": "application/json",
            "hash": "d6db752a2ab84c30311bb134ef47086b",
            "path": "assets/api/w3nest.json"
        },
        {
            "contentEncoding": "br",
            "contentType": "application/json",
            "hash": "93556e079252f9a87e0ea36d02309810",
            "path": "assets/api/w3nest_client.json"
        },
        {
            "contentEncoding": "br",
            "contentType": "application/json",
            "hash": "7db1361736c7f69f3f9ee46398361f8c",
            "path": "assets/api/w3nest/utils.json"
        },
        {
            "contentEncoding": "br",
            "contentType": "application/json",
            "hash": "d1f80163d8ccb116b0fc61cd28b949fe",
            "path": "assets/api/w3nest/ci.json"
        },
        {
            "contentEncoding": "br",
            "contentType": "application/json",
            "hash": "287c8fd23d1beff0f0a8b18a7dc325dd",
            "path": "assets/api/w3nest/shared_api.json"
        },
        {
            "contentEncoding": "br",
            "contentType": "application/json",
            "hash": "5b0351d12d63fbeb787d0e075c24e8de",
            "path": "assets/api/w3nest/app.json"
        },
        {
            "contentEncoding": "br",
            "contentType": "application/json",
            "hash": "8d4a7e68b3947da7432baa4139f97425",
            "path": "assets/api/w3nest/app/system.json"
        },
        {
            "contentEncoding": "br",
            "contentType": "application/json",
            "hash": "b624140df3927288b0a2d210481dbe0d",
            "path": "assets/api/w3nest/app/api.json"
        },
        {
            "contentEncoding": "br",
            "contentType": "application/json",
            "hash": "1779377458f87d6d3aa357065f93abc0",
            "path": "assets/api/w3nest/app/middlewares.json"
        },
        {
            "contentEncoding": "br",
            "contentType": "application/json",
            "hash": "1b2e1aa88b29ecad6e4f2164eb071ddc",
            "path": "assets/api/w3nest/app/environment.json"
        },
        {
            "contentEncoding": "br",
            "contentType": "application/json",
            "hash": "078b6f2a3f3838846c3d562ad7986608",
            "path": "assets/api/w3nest/app/config.json"
        },
        {
            "contentEncoding": "br",
            "contentType": "application/json",
            "hash": "bcb89f228da7ff9fbf6f02be54c7df63",
            "path": "assets/api/w3nest/app/components.json"
        },
        {
            "contentEncoding": "br",
            "contentType": "application/json",
            "hash": "aa39cbdd416ae2440e0bb5d6b732e7f2",
            "path": "assets/api/w3nest/app/projects.json"
        },
        {
            "contentEncoding": "br",
            "contentType": "application/json",
            "hash": "18255487b3f95f0f87d0292bfced22d5",
            "path": "assets/api/w3nest/app/config/predefined_configs.json"
        },
        {
            "contentEncoding": "br",
            "contentType": "application/json",
            "hash": "8c16856723e09856b396cfdaa7c8999f",
            "path": "assets/api/w3nest/app/middlewares/local_cloud_hybridizers.json"
        },
        {
            "contentEncoding": "br",
            "contentType": "application/json",
            "hash": "f42de8ccd374cecd048d8fcfae93342d",
            "path": "assets/api/w3nest/app/system/upload_assets.json"
        },
        {
            "contentEncoding": "br",
            "contentType": "application/json",
            "hash": "5dcc5412da2af8550d2eff6c6cfe0ee7",
            "path": "assets/api/w3nest/app/system/download_assets.json"
        },
        {
            "contentEncoding": "br",
            "contentType": "application/json",
            "hash": "c7918b3bbb35c5feedf66c5a66a5b838",
            "path": "assets/api/w3nest/app/api/system.json"
        },
        {
            "contentEncoding": "br",
            "contentType": "application/json",
            "hash": "5b50f20db656d92d407d8d279e481848",
            "path": "assets/api/w3nest/app/api/commands.json"
        },
        {
            "contentEncoding": "br",
            "contentType": "application/json",
            "hash": "e02abbdea1ef32f9f7aad8cc37fb8ead",
            "path": "assets/api/w3nest/app/api/backends.json"
        },
        {
            "contentEncoding": "br",
            "contentType": "application/json",
            "hash": "c233b5820dc09760037133e9948276e2",
            "path": "assets/api/w3nest/app/api/environment.json"
        },
        {
            "contentEncoding": "br",
            "contentType": "application/json",
            "hash": "2d2b8a76ff8bb2b874aa159e2937273b",
            "path": "assets/api/w3nest/app/api/pyodide.json"
        },
        {
            "contentEncoding": "br",
            "contentType": "application/json",
            "hash": "619684ef754c59a766aa9db9ef16d31e",
            "path": "assets/api/w3nest/app/api/components.json"
        },
        {
            "contentEncoding": "br",
            "contentType": "application/json",
            "hash": "ee227693a9f29d6d0b2a410c0ebf7824",
            "path": "assets/api/w3nest/app/api/projects.json"
        },
        {
            "contentEncoding": "br",
            "contentType": "application/json",
            "hash": "dd853fe036f362b97065359ecdc751fc",
            "path": "assets/api/w3nest/app/projects/projects_resolver.json"
        },
        {
            "contentEncoding": "br",
            "contentType": "application/json",
            "hash": "bf3081f9bcd591583a6b337307516d4d",
            "path": "assets/api/w3nest/ci/js_app.json"
        },
        {
            "contentEncoding": "br",
            "contentType": "application/json",
            "hash": "ef31f79bb7f1edaa76281610743e59c5",
            "path": "assets/api/w3nest/ci/py_backend.json"
        },
        {
            "contentEncoding": "br",
            "contentType": "application/json",
            "hash": "5c4e7b0de32aaedae961192d9b62c38a",
            "path": "assets/api/w3nest/ci/ts_frontend.json"
        },
        {
            "contentEncoding": "br",
            "contentType": "application/json",
            "hash": "11021b40d58295aebca687b1d5b90cd9",
            "path": "assets/api/w3nest/ci/ts_frontend/external.json"
        },
        {
            "contentEncoding": "br",
            "contentType": "application/json",
            "hash": "2cca37d73a8cb4e256c7f2e9e71cc367",
            "path": "assets/api/w3nest/ci/ts_frontend/regular.json"
        },
        {
            "contentEncoding": "br",
            "contentType": "application/json",
            "hash": "c66b49fb97753f5782eb7b80c60c154c",
            "path": "assets/api/w3nest/ci/ts_frontend/common.json"
        },
        {
            "contentEncoding": "br",
            "contentType": "application/json",
            "hash": "4a920b56145ab7f92809803dcd73fa45",
            "path": "assets/api/w3nest/shared_api/webpm_sessions_storage.json"
        },
        {
            "contentEncoding": "br",
            "contentType": "application/json",
            "hash": "a8bb509a4c6357aa72045ff0b510949a",
            "path": "assets/api/w3nest/shared_api/webpm.json"
        },
        {
            "contentEncoding": "br",
            "contentType": "application/json",
            "hash": "cd8067218cad75d4835b1df578e988c2",
            "path": "assets/api/w3nest/shared_api/webpm_apps_server.json"
        },
        {
            "contentEncoding": "br",
            "contentType": "application/json",
            "hash": "33ef54e414db7324590260ee5f63f61b",
            "path": "assets/api/w3nest/shared_api/assets_gtw.json"
        },
        {
            "contentEncoding": "br",
            "contentType": "application/json",
            "hash": "e1141778d3bae866d402e3591aa14b84",
            "path": "assets/api/w3nest/shared_api/common.json"
        },
        {
            "contentEncoding": "br",
            "contentType": "application/json",
            "hash": "5143325660de2ce5e19e2975ef588339",
            "path": "assets/api/w3nest/shared_api/accounts.json"
        },
        {
            "contentEncoding": "br",
            "contentType": "application/json",
            "hash": "039be3c531f434dc5f728f86ea0146ba",
            "path": "assets/api/w3nest/shared_api/files.json"
        },
        {
            "contentEncoding": "br",
            "contentType": "application/json",
            "hash": "df88855ed098c7a9d46220727a348ec4",
            "path": "assets/api/w3nest/shared_api/assets.json"
        },
        {
            "contentEncoding": "br",
            "contentType": "application/json",
            "hash": "7cdc0f35819fc536cee0cc8667204344",
            "path": "assets/api/w3nest/shared_api/explorer.json"
        },
        {
            "contentEncoding": "br",
            "contentType": "application/json",
            "hash": "d68d1ff0b6364515abedbab9827718ed",
            "path": "assets/api/w3nest/shared_api/accounts/admin.json"
        },
        {
            "contentEncoding": "br",
            "contentType": "application/json",
            "hash": "e320a44342c31cf43fa185c03feb9fea",
            "path": "assets/api/w3nest/shared_api/accounts/openid_rp.json"
        },
        {
            "contentEncoding": "br",
            "contentType": "application/json",
            "hash": "311fe5e8e98175bb75b2ce0d66b6fcf0",
            "path": "assets/api/w3nest/shared_api/assets_gtw/routers.json"
        },
        {
            "contentEncoding": "br",
            "contentType": "application/json",
            "hash": "bd15405ee961fa0b47063b14ee397f56",
            "path": "assets/api/w3nest/shared_api/assets/routers.json"
        },
        {
            "contentEncoding": "br",
            "contentType": "application/json",
            "hash": "3067f12893962b0eb4365ea72467781d",
            "path": "assets/api/w3nest/shared_api/explorer/routers.json"
        },
        {
            "contentEncoding": "br",
            "contentType": "application/json",
            "hash": "766dd58b8537ee3a438d34db3ea50cc5",
            "path": "assets/api/w3nest/utils/crypto.json"
        },
        {
            "contentEncoding": "br",
            "contentType": "application/json",
            "hash": "0446c692fa9a6865f03ff3c392ab87b5",
            "path": "assets/api/w3nest/utils/clients.json"
        },
        {
            "contentEncoding": "br",
            "contentType": "application/json",
            "hash": "660db1b24bebc1a2b10bd5f594aab92c",
            "path": "assets/api/w3nest/utils/middlewares.json"
        },
        {
            "contentEncoding": "br",
            "contentType": "application/json",
            "hash": "924e7a55f0231ebe21867a945aaa8b76",
            "path": "assets/api/w3nest/utils/tables.json"
        },
        {
            "contentEncoding": "br",
            "contentType": "application/json",
            "hash": "e162a5b6021c1511a783cf70846de4a4",
            "path": "assets/api/w3nest/utils/servers.json"
        },
        {
            "contentEncoding": "br",
            "contentType": "application/json",
            "hash": "0c1952e1b26a5508d94c8c55e4f0c815",
            "path": "assets/api/w3nest/utils/crypto/file_encryption.json"
        },
        {
            "contentEncoding": "br",
            "contentType": "application/json",
            "hash": "7c31b02288e7a681e2853e1852fbc0e2",
            "path": "assets/api/w3nest/utils/crypto/tokens_storage.json"
        },
        {
            "contentEncoding": "br",
            "contentType": "application/json",
            "hash": "7bc49cac3eb250fd6aee3bb9f6ab8008",
            "path": "assets/api/w3nest/utils/clients/file_system.json"
        },
        {
            "contentEncoding": "br",
            "contentType": "application/json",
            "hash": "c905af1d55f31631d7073c88ac8bf543",
            "path": "assets/api/w3nest/utils/clients/oidc.json"
        },
        {
            "contentEncoding": "br",
            "contentType": "application/json",
            "hash": "0226fb50310f4512335816dc10aab3aa",
            "path": "assets/api/w3nest/utils/clients/cache.json"
        },
        {
            "contentEncoding": "br",
            "contentType": "application/json",
            "hash": "ece9038f1eb639872d823963d1812d71",
            "path": "assets/api/w3nest/utils/clients/docdb.json"
        },
        {
            "contentEncoding": "br",
            "contentType": "application/json",
            "hash": "26d1d36c4e1a914dafe8266fd2f31432",
            "path": "assets/api/w3nest_client/oidc.json"
        },
        {
            "contentEncoding": "br",
            "contentType": "application/json",
            "hash": "764fd7e8cb4b7ef753bee7e72a86cbc0",
            "path": "assets/api/w3nest_client/context.json"
        },
        {
            "contentEncoding": "br",
            "contentType": "application/json",
            "hash": "f25099158c64f9e61735b7df8a4d8717",
            "path": "assets/api/w3nest_client/common.json"
        },
        {
            "contentEncoding": "br",
            "contentType": "application/json",
            "hash": "4fa482ca18cc4a5475d1baa7d2ce4e20",
            "path": "assets/api/w3nest_client/http.json"
        },
        {
            "contentEncoding": "br",
            "contentType": "application/json",
            "hash": "b4930d9449dc2e4f3844fb2afb68f3be",
            "path": "assets/api/w3nest_client/common/cache.json"
        },
        {
            "contentEncoding": "br",
            "contentType": "application/json",
            "hash": "b10863c9d091cea7f8901bf7741b226f",
            "path": "assets/api/w3nest_client/http/webpm_sessions_storage.json"
        },
        {
            "contentEncoding": "br",
            "contentType": "application/json",
            "hash": "c5ac1a2301671b3588c2b7afbf78a0b3",
            "path": "assets/api/w3nest_client/http/assets_gateway.json"
        },
        {
            "contentEncoding": "br",
            "contentType": "application/json",
            "hash": "e670570521e830dedc8b19227de4bcb0",
            "path": "assets/api/w3nest_client/http/webpm.json"
        },
        {
            "contentEncoding": "br",
            "contentType": "application/json",
            "hash": "922eea7b922bef5269f3f876bec4f525",
            "path": "assets/api/w3nest_client/http/accounts.json"
        },
        {
            "contentEncoding": "br",
            "contentType": "application/json",
            "hash": "54347d859198e24e00f4d5791fe3c7b2",
            "path": "assets/api/w3nest_client/http/files.json"
        },
        {
            "contentEncoding": "br",
            "contentType": "application/json",
            "hash": "9ac6f9ba522d7d20809e7fabe14fa13e",
            "path": "assets/api/w3nest_client/http/cdn_sessions_storage.json"
        },
        {
            "contentEncoding": "br",
            "contentType": "application/json",
            "hash": "3b7e1927196bde49eb95914a3b46ed10",
            "path": "assets/api/w3nest_client/http/assets.json"
        },
        {
            "contentEncoding": "br",
            "contentType": "application/json",
            "hash": "dd15796c34c14e480e7fd2178edabed5",
            "path": "assets/api/w3nest_client/http/explorer.json"
        },
        {
            "contentEncoding": "br",
            "contentType": "application/json",
            "hash": "eeef02c38b1c1d5690c757ea32e75191",
            "path": "package.json"
        },
        {
            "contentEncoding": "br",
            "contentType": "application/octet-stream",
            "hash": "ebe074b5b74dc66fd4652b1640c1106b",
            "path": "dist/how-to.js.map"
        },
        {
            "contentEncoding": "br",
            "contentType": "text/vnd.trolltech.linguist",
            "hash": "5c0c2978b065b7d569caf36bbbb7edfa",
            "path": "dist/webpack.config.d.ts"
        },
        {
            "contentEncoding": "br",
            "contentType": "application/octet-stream",
            "hash": "f59951aef537cc27bc6b17b7eba0e898",
            "path": "dist/style.b0eca53c511b998b3873.css.map"
        },
        {
            "contentEncoding": "br",
            "contentType": "text/javascript",
            "hash": "5e52a79b0b0ea6c4f3f445d2cfecec96",
            "path": "dist/how-to.js"
        },
        {
            "contentEncoding": "br",
            "contentType": "text/css",
            "hash": "875d7f857e423628bec75a1345643e09",
            "path": "dist/style.b0eca53c511b998b3873.css"
        },
        {
            "contentEncoding": "br",
            "contentType": "text/vnd.trolltech.linguist",
            "hash": "2f0aa004b15580a7bcb1fafdae112d27",
            "path": "dist/jest.config.d.ts"
        },
        {
            "contentEncoding": "br",
            "contentType": "text/javascript",
            "hash": "2cf67347785c220d8abaf13690f908be",
            "path": "dist/main.7dc5d886a6a29d8d23f8.js"
        },
        {
            "contentEncoding": "br",
            "contentType": "application/octet-stream",
            "hash": "69b9217f9577f9dd29dd81e730e74fdc",
            "path": "dist/294.c19c661f599953504eab.js.map"
        },
        {
            "contentEncoding": "br",
            "contentType": "text/vnd.trolltech.linguist",
            "hash": "c4dfc3e048757691777a869019cfcf6c",
            "path": "dist/rx-vdom.config.d.ts"
        },
        {
            "contentEncoding": "br",
            "contentType": "application/octet-stream",
            "hash": "cfafc83d4e47dd4599ed1c23ade70823",
            "path": "dist/main.7dc5d886a6a29d8d23f8.js.map"
        },
        {
            "contentEncoding": "br",
            "contentType": "application/octet-stream",
            "hash": "c13ec316da6787bdd9e977be722806be",
            "path": "dist/api.js.map"
        },
        {
            "contentEncoding": "br",
            "contentType": "text/javascript",
            "hash": "7420c37fb659683424cf16d5c2dea08c",
            "path": "dist/api.js"
        },
        {
            "contentEncoding": "br",
            "contentType": "text/html",
            "hash": "7eefcc3e3506ac9c74084a70451d3c7e",
            "path": "dist/index.html"
        },
        {
            "contentEncoding": "br",
            "contentType": "text/javascript",
            "hash": "d5c2f7f8fbb207992d48fcf649bcab0b",
            "path": "dist/294.c19c661f599953504eab.js"
        }
    ],
    "fingerprint": "167e635ee958639c5572b2b5c2bb2896",
    "w3Version": "0.1.13.dev"
}