{
    "distribution": {
        "artifacts": [
            "dist"
        ],
        "files": {
            "ignore": [],
            "include": [
                "assets/*",
                "README.md"
            ]
        }
    },
    "metadata": {
        "description": "W3Nest documentation",
        "displayName": null,
        "documentation": null,
        "icon": "/assets/favicon.svg",
        "license": null,
        "readme": "/README.md"
    },
    "name": "@w3nest/doc",
    "specification": {
        "dependencies": {
            "@w3nest/http-clients": "^0.1.5",
            "@w3nest/webpm-client": "^0.1.4",
            "d3": "^7.7.0",
            "mkdocs-ts": "^0.3.1",
            "rx-vdom": "^0.1.3",
            "rxjs": "^7.5.6"
        },
        "execution": {
            "openWidth": [],
            "standalone": true
        },
        "exports": [],
        "kind": "webapp",
        "main": {
            "dependencies": [
                "mkdocs-ts",
                "rx-vdom",
                "rxjs",
                "@w3nest/webpm-client",
                "@w3nest/http-clients",
                "d3"
            ],
            "entryPoint": "dist/index.html",
            "stylesheets": []
        }
    },
    "version": "0.1.13-wip"
}