{
    "date": "2025-05-12T16:34:54.304860",
    "files": [
        {
            "contentEncoding": "br",
            "contentType": "text/markdown",
            "hash": "ce1ed1ff60df059aeea2593482267ab3",
            "path": "README.md"
        },
        {
            "contentEncoding": "br",
            "contentType": "image/svg+xml",
            "hash": "a1054b999e6747c4b60f8563818e9599",
            "path": "assets/connected.svg"
        },
        {
            "contentEncoding": "br",
            "contentType": "image/svg+xml",
            "hash": "8bc54650e77dc0e5679deb90edb4f7dd",
            "path": "assets/favicon.svg"
        },
        {
            "contentEncoding": "br",
            "contentType": "application/json",
            "hash": "1560cfd60458e1132672b63d66e4dea9",
            "path": "package.json"
        },
        {
            "contentEncoding": "br",
            "contentType": "application/octet-stream",
            "hash": "555e27d6da5b35332a62b7913c823c2b",
            "path": "dist/621.2bb667828770228cc926.js.map"
        },
        {
            "contentEncoding": "br",
            "contentType": "text/vnd.trolltech.linguist",
            "hash": "5c0c2978b065b7d569caf36bbbb7edfa",
            "path": "dist/webpack.config.d.ts"
        },
        {
            "contentEncoding": "br",
            "contentType": "text/css",
            "hash": "4248669351318857aaa0a351e73e7308",
            "path": "dist/style.d18c7558dbb7a36d7e1b.css"
        },
        {
            "contentEncoding": "br",
            "contentType": "text/html",
            "hash": "ff34a8c0e3fdfc68e02ab7ab34cdcff1",
            "path": "dist/bundle-analysis.html"
        },
        {
            "contentEncoding": "br",
            "contentType": "text/vnd.trolltech.linguist",
            "hash": "4a7e55bc703ce13b1374d50918fa3e97",
            "path": "dist/jest.config.d.ts"
        },
        {
            "contentEncoding": "br",
            "contentType": "application/octet-stream",
            "hash": "c1b39d77a1bd22e7641bef9a49d8dd91",
            "path": "dist/main.c7643ad030b06f4691a0.js.map"
        },
        {
            "contentEncoding": "br",
            "contentType": "text/vnd.trolltech.linguist",
            "hash": "914d8739a8aa0c771b550a1d795b8f8d",
            "path": "dist/rx-vdom.config.d.ts"
        },
        {
            "contentEncoding": "br",
            "contentType": "text/javascript",
            "hash": "eb58eaf78c020e95a2ae14500fb1569f",
            "path": "dist/main.c7643ad030b06f4691a0.js"
        },
        {
            "contentEncoding": "br",
            "contentType": "text/javascript",
            "hash": "7752faa7aad20f1d647db2f9cdbd58c4",
            "path": "dist/621.2bb667828770228cc926.js"
        },
        {
            "contentEncoding": "br",
            "contentType": "text/html",
            "hash": "6da5f5467b1b26b1a2e3b8f9a20373da",
            "path": "dist/index.html"
        },
        {
            "contentEncoding": "br",
            "contentType": "application/octet-stream",
            "hash": "c1b1041ebc8ade484f7e9260771652b3",
            "path": "dist/style.d18c7558dbb7a36d7e1b.css.map"
        }
    ],
    "fingerprint": "a77a419ea62f8718c4a37e3b9a00df0a",
    "w3Version": "0.1.13.dev"
}