{
    "distribution": {
        "artifacts": [
            "dist"
        ],
        "files": {
            "ignore": [],
            "include": [
                "assets/*",
                "README.md"
            ]
        }
    },
    "metadata": {
        "description": "Login page for w3nest application.",
        "displayName": null,
        "documentation": null,
        "icon": "assets/favicon.svg",
        "license": null,
        "readme": "/README.md"
    },
    "name": "@w3nest/login",
    "specification": {
        "dependencies": {
            "@w3nest/http-clients": "^0.1.6",
            "@w3nest/webpm-client": "^0.1.5",
            "rx-vdom": "^0.1.4",
            "rxjs": "^7.8.2"
        },
        "execution": {
            "openWidth": [],
            "standalone": true
        },
        "exports": [],
        "kind": "webapp",
        "main": {
            "dependencies": [
                "rxjs",
                "@w3nest/webpm-client",
                "rx-vdom",
                "@w3nest/http-clients"
            ],
            "entryPoint": "dist/index.html",
            "stylesheets": []
        }
    },
    "version": "0.1.2"
}