{
    "distribution": {
        "artifacts": [
            "dist"
        ],
        "files": {
            "ignore": [],
            "include": [
                "assets/*",
                "README.md"
            ]
        }
    },
    "metadata": {
        "description": "A TypeScript library for building dynamic, hierarchical, document-driven applications with customizable layouts and rich content integration.",
        "displayName": null,
        "documentation": "/apps/@mkdocs-ts/doc/0.5.3",
        "icon": "/assets/mkdocs-ts.svg",
        "license": null,
        "readme": "/README.md"
    },
    "name": "mkdocs-ts",
    "specification": {
        "dependencies": {
            "@w3nest/rx-tree-views": "^0.2.0",
            "marked": "^4.2.3",
            "prismjs": "^1.30.0",
            "rx-vdom": "^0.1.3",
            "rxjs": "^7.5.6"
        },
        "exports": [],
        "kind": "esm",
        "main": {
            "aliases": [],
            "dependencies": [
                "rx-vdom",
                "rxjs",
                "marked",
                "@w3nest/rx-tree-views",
                "prismjs/components/prism-core",
                "prismjs/plugins/autoloader/prism-autoloader",
                "prismjs/plugins/line-numbers/prism-line-numbers",
                "prismjs/plugins/line-highlight/prism-line-highlight"
            ],
            "entryPoint": "./dist/mkdocs-ts.js",
            "name": ".",
            "stylesheets": []
        }
    },
    "version": "0.5.3"
}