{"date": "2024-11-25T10:08:49.475614", "ywVersion": "0.1.13.dev", "files": [{"path": "package.json", "contentEncoding": "identity", "contentType": "application/json", "hash": "6da9ff4056122d47051a8dcd0ae4c373"}, {"path": "dist/webpack.config.d.ts", "contentEncoding": "identity", "contentType": "application/octet-stream", "hash": "7d1d390bf2a3052b887909ca262405df"}, {"path": "dist/bundle-analysis.html", "contentEncoding": "identity", "contentType": "text/html", "hash": "47a9539f262924e8bbf56242c554c268"}, {"path": "dist/jest.config.d.ts", "contentEncoding": "identity", "contentType": "application/octet-stream", "hash": "4a7e55bc703ce13b1374d50918fa3e97"}, {"path": "dist/rx-vdom.config.d.ts", "contentEncoding": "identity", "contentType": "application/octet-stream", "hash": "02013a7eba46d3a5453b1e2b10a1a9cc"}, {"path": "src/index.ts", "contentEncoding": "identity", "contentType": "application/octet-stream", "hash": "8c789b080670953d57ecde88d57c35a7"}, {"path": "src/.prettierrc.json", "contentEncoding": "identity", "contentType": "application/json", "hash": "651f6b89dff8456dc01d3967565a2091"}, {"path": "src/auto-generated.ts", "contentEncoding": "identity", "contentType": "application/octet-stream", "hash": "370ea89e4af2c0ef31f3f971ccad236a"}, {"path": "src/eslint.config.mjs", "contentEncoding": "identity", "contentType": "application/octet-stream", "hash": "c1e10caae79046ed007eafffc9b6ca46"}, {"path": "dist/@w3nest/rx-code-mirror-editors.js.map", "contentEncoding": "br", "contentType": "application/javascript;charset=UTF-8", "hash": "0fdce2ad13a719dc849c773d8e5c0446"}, {"path": "dist/@w3nest/rx-code-mirror-editors.js", "contentEncoding": "br", "contentType": "application/javascript;charset=UTF-8", "hash": "a86ad73817996478dcbe3a23672e21ca"}, {"path": "dist/src/index.d.ts", "contentEncoding": "identity", "contentType": "application/octet-stream", "hash": "840d0d8ecf3830638525759f250e3279"}, {"path": "dist/src/auto-generated.d.ts", "contentEncoding": "identity", "contentType": "application/octet-stream", "hash": "0b417d1341169d4a546d73eae5918264"}, {"path": "dist/@w3nest/rx-code-mirror-editors/typescript-addon.js.map", "contentEncoding": "br", "contentType": "application/javascript;charset=UTF-8", "hash": "9e16c2052f3206ea2d358bf00b4e9e72"}, {"path": "dist/@w3nest/rx-code-mirror-editors/typescript-addon.js", "contentEncoding": "br", "contentType": "application/javascript;charset=UTF-8", "hash": "dbb295537ea9b12ce94b5a780f802db1"}, {"path": "dist/src/lib/index.d.ts", "contentEncoding": "identity", "contentType": "application/octet-stream", "hash": "28012a0ae45ddf99e673b383303e5873"}, {"path": "dist/src/tests/fake.test.d.ts", "contentEncoding": "identity", "contentType": "application/octet-stream", "hash": "d41d8cd98f00b204e9800998ecf8427e"}, {"path": "dist/src/lib/typescript/utils.d.ts", "contentEncoding": "identity", "contentType": "application/octet-stream", "hash": "7e0460432d9000ec4641946dae564a8b"}, {"path": "dist/src/lib/typescript/ide.state.d.ts", "contentEncoding": "identity", "contentType": "application/octet-stream", "hash": "27f5869e3561a80fd20739677ed61cb0"}, {"path": "dist/src/lib/typescript/code-editor.view.d.ts", "contentEncoding": "identity", "contentType": "application/octet-stream", "hash": "a595e8e41efb7ffced25af317ffa765f"}, {"path": "dist/src/lib/typescript/vfs_default_map_cdn.d.ts", "contentEncoding": "identity", "contentType": "application/octet-stream", "hash": "c3b6f36b09061adcdce301c621d3ad74"}, {"path": "dist/src/lib/typescript/index.d.ts", "contentEncoding": "identity", "contentType": "application/octet-stream", "hash": "031e463f4f69f00a9b422e360af14a62"}, {"path": "dist/src/lib/common/ide.state.d.ts", "contentEncoding": "identity", "contentType": "application/octet-stream", "hash": "e6de57b7704c504d6022cfbc1004d5ef"}, {"path": "dist/src/lib/common/code-editor.view.d.ts", "contentEncoding": "identity", "contentType": "application/octet-stream", "hash": "b5799aff71a97ae038954c275897fc3f"}, {"path": "dist/src/lib/common/index.d.ts", "contentEncoding": "identity", "contentType": "application/octet-stream", "hash": "be938e19466e11e856aa3522d7f954b6"}, {"path": "dist/src/lib/common/models.d.ts", "contentEncoding": "identity", "contentType": "application/octet-stream", "hash": "64430f614d11244d2b39067c2cedd2f7"}, {"path": "src/lib/index.ts", "contentEncoding": "identity", "contentType": "application/octet-stream", "hash": "50bbe6e301a4b6fc794d0d247b875a9e"}, {"path": "src/lib/typescript/index.ts", "contentEncoding": "identity", "contentType": "application/octet-stream", "hash": "e1a97dc38fa9461b78e1254b3614155e"}, {"path": "src/lib/typescript/code-editor.view.ts", "contentEncoding": "identity", "contentType": "application/octet-stream", "hash": "9b5e0a6f9ab19178d02081a1527fc6a3"}, {"path": "src/lib/typescript/ide.state.ts", "contentEncoding": "identity", "contentType": "application/octet-stream", "hash": "1df997ae743201578663f59f72a6aeac"}, {"path": "src/lib/typescript/vfs_default_map_cdn.ts", "contentEncoding": "identity", "contentType": "application/octet-stream", "hash": "c5acb36e5a470b1dc81c6992f6cdbe79"}, {"path": "src/lib/typescript/utils.ts", "contentEncoding": "identity", "contentType": "application/octet-stream", "hash": "58f478963dbb15225407f1d262403caf"}, {"path": "src/lib/common/index.ts", "contentEncoding": "identity", "contentType": "application/octet-stream", "hash": "35946192c35cd557fb522ba8c94cb419"}, {"path": "src/lib/common/code-editor.view.ts", "contentEncoding": "identity", "contentType": "application/octet-stream", "hash": "a72f8a3ea78945d546f852f6ab876989"}, {"path": "src/lib/common/models.ts", "contentEncoding": "identity", "contentType": "application/octet-stream", "hash": "a48fc80ca9fdd55171252fafc579b05c"}, {"path": "src/lib/common/ide.state.ts", "contentEncoding": "identity", "contentType": "application/octet-stream", "hash": "8854852427aac1cf8442ab80feb240cf"}, {"path": "dist/docs/.nojekyll", "contentEncoding": "identity", "contentType": "application/octet-stream", "hash": "527ed13d9651065487492991875c804a"}, {"path": "dist/docs/index.html", "contentEncoding": "identity", "contentType": "text/html", "hash": "47b878f935034174b2a3c33ba9befcfc"}, {"path": "dist/docs/modules.html", "contentEncoding": "identity", "contentType": "text/html", "hash": "1817690c022002efec8533481ebe7ff2"}, {"path": "dist/docs/types/Common.SourcePath.html", "contentEncoding": "identity", "contentType": "text/html", "hash": "b838636cba14653673caf96795acc7fa"}, {"path": "dist/docs/types/Common.SourceContent.html", "contentEncoding": "identity", "contentType": "text/html", "hash": "3f9415878828ed3e79b35d1b56a3d75d"}, {"path": "dist/docs/types/TsCodeEditorModule.html", "contentEncoding": "identity", "contentType": "text/html", "hash": "57327f7bff286d6f0dc9186158c1caab"}, {"path": "dist/docs/functions/TypescriptModule.html", "contentEncoding": "identity", "contentType": "text/html", "hash": "d84346efb80b206538c75964bcba09fa"}, {"path": "dist/docs/assets/icons.svg", "contentEncoding": "identity", "contentType": "image/svg+xml", "hash": "e2c2e52fb34309ec9cfed2962a0c67be"}, {"path": "dist/docs/assets/navigation.js", "contentEncoding": "br", "contentType": "application/javascript;charset=UTF-8", "hash": "0e5c6d8cf668d13d4f2d4295e6f55929"}, {"path": "dist/docs/assets/main.js", "contentEncoding": "br", "contentType": "application/javascript;charset=UTF-8", "hash": "1f8d88870eca4d2405707455cbc5aead"}, {"path": "dist/docs/assets/icons.js", "contentEncoding": "br", "contentType": "application/javascript;charset=UTF-8", "hash": "8f9d7b4778bd4ffe4929f0d6ed578cba"}, {"path": "dist/docs/assets/style.css", "contentEncoding": "br", "contentType": "text/css", "hash": "0ccde58a25676a9e8a437db205ea81b0"}, {"path": "dist/docs/assets/highlight.css", "contentEncoding": "br", "contentType": "text/css", "hash": "480cdb8314443b878f8ebf577a53b18a"}, {"path": "dist/docs/assets/search.js", "contentEncoding": "br", "contentType": "application/javascript;charset=UTF-8", "hash": "1138a28189c1da4ebb0e6a221efc799b"}, {"path": "dist/docs/modules/Common.html", "contentEncoding": "identity", "contentType": "text/html", "hash": "c393366fe143c7e9d0e80389ed60b31a"}, {"path": "dist/docs/interfaces/Common.SrcPosition.html", "contentEncoding": "identity", "contentType": "text/html", "hash": "0d501ae8b8056e0f06f16b4e68016fc8"}, {"path": "dist/docs/classes/Common.SrcHighlight.html", "contentEncoding": "identity", "contentType": "text/html", "hash": "28ee2d8dba34748bd6c74211cbfd34e8"}, {"path": "dist/docs/classes/Common.SourceCode.html", "contentEncoding": "identity", "contentType": "text/html", "hash": "dbc0b550f8f8e41560646a83406a3620"}, {"path": "dist/docs/classes/Common.CodeEditorView.html", "contentEncoding": "identity", "contentType": "text/html", "hash": "98e7c321880d984afcee87d624a3613a"}, {"path": "dist/docs/classes/Common.IdeState.html", "contentEncoding": "identity", "contentType": "text/html", "hash": "7b61a2bd2b60f0357f7704f95d9ba00a"}, {"path": "dist/docs/classes/Common.UpdateOrigin.html", "contentEncoding": "identity", "contentType": "text/html", "hash": "27161d18013e23c52fd67ee0ec77f56a"}, {"path": "dist/docs/variables/setup.html", "contentEncoding": "identity", "contentType": "text/html", "hash": "fb44870a5869edeabe18c990cb27bcbb"}]}