{
    "distribution": {
        "artifacts": [
            "dist"
        ],
        "files": {
            "ignore": [],
            "include": [
                "assets/*",
                "README.md"
            ]
        }
    },
    "metadata": {
        "description": "3D rendering of vs-flow's workflow.",
        "displayName": null,
        "documentation": null,
        "icon": null,
        "license": null,
        "readme": "/README.md"
    },
    "name": "@vs-flow/flowchart-3d",
    "specification": {
        "dependencies": {
            "@types/three": "^0.152.0",
            "@vs-flow/core": "^0.4.0",
            "@w3nest/webpm-client": "^0.1.11",
            "rx-vdom": "^0.1.7",
            "rxjs": "^7.8.1",
            "three": "^0.152.0"
        },
        "exports": [],
        "kind": "esm",
        "main": {
            "aliases": [],
            "dependencies": [
                "@w3nest/webpm-client",
                "rx-vdom",
                "@vs-flow/core",
                "rxjs",
                "three"
            ],
            "entryPoint": "./dist/@vs-flow/flowchart-3d.js",
            "name": ".",
            "stylesheets": []
        }
    },
    "version": "0.4.0"
}