{
    "distribution": {
        "artifacts": [
            "dist"
        ],
        "files": {
            "ignore": [],
            "include": [
                "assets/*",
                "README.md"
            ]
        }
    },
    "metadata": {
        "description": "Tiny library to render HTML documents using reactive programing primitives.",
        "displayName": null,
        "documentation": "/apps/@rx-vdom/doc/0.1.8",
        "icon": "/assets/logo.png",
        "license": "MIT",
        "readme": "/README.md"
    },
    "name": "rx-vdom",
    "specification": {
        "dependencies": {},
        "exports": [],
        "kind": "esm",
        "main": {
            "aliases": [],
            "dependencies": [],
            "entryPoint": "./dist/rx-vdom.js",
            "name": ".",
            "stylesheets": []
        }
    },
    "version": "0.1.8"
}