{
    "distribution": {
        "artifacts": [
            "dist"
        ],
        "files": {
            "ignore": [],
            "include": [
                "assets/*",
                "README.md"
            ]
        }
    },
    "metadata": {
        "description": "The W3Nest's laboratory application.",
        "displayName": null,
        "documentation": null,
        "icon": "/assets/favicon.svg",
        "license": "MIT",
        "readme": "/README.md"
    },
    "name": "@w3nest/w3lab",
    "specification": {
        "dependencies": {
            "@floating-ui/dom": "^1.6.3",
            "@w3nest/doc": "^0.1.13",
            "@w3nest/http-clients": "^0.1.10",
            "@w3nest/ui-tk": "^0.1.6",
            "@w3nest/webpm-client": "^0.1.11",
            "bootstrap": "^5.3.0",
            "d3": "^7.7.0",
            "mkdocs-ts": "^0.5.3",
            "rx-vdom": "^0.1.3",
            "rxjs": "^7.8.1"
        },
        "execution": {
            "openWidth": [],
            "standalone": true
        },
        "exports": [],
        "kind": "webapp",
        "main": {
            "dependencies": [
                "mkdocs-ts",
                "rxjs",
                "rxjs/operators",
                "rx-vdom",
                "bootstrap",
                "@w3nest/webpm-client",
                "@w3nest/http-clients",
                "@floating-ui/dom",
                "d3",
                "@w3nest/ui-tk/Badges",
                "@w3nest/ui-tk/Mkdocs",
                "@w3nest/ui-tk/Trees",
                "@w3nest/doc/api",
                "@w3nest/doc/how-to"
            ],
            "entryPoint": "dist/index.html",
            "stylesheets": []
        },
        "security": {
            "coep": "unsafe-none",
            "coop": "same-origin",
            "csp": null,
            "referrer_policy": "strict-origin-when-cross-origin"
        }
    },
    "version": "0.8.3-wip"
}