{
    "distribution": {
        "artifacts": [
            "dist"
        ],
        "files": {
            "ignore": [],
            "include": [
                "assets/*",
                "README.md"
            ]
        }
    },
    "metadata": {
        "description": "Code API plugins for mkdocs-ts.",
        "displayName": null,
        "documentation": "/apps/@mkdocs-ts/doc/0.2.3",
        "icon": "/assets/mkdocs-ts.svg",
        "license": null,
        "readme": "/README.md"
    },
    "name": "@mkdocs-ts/code-api",
    "specification": {
        "dependencies": {
            "@w3nest/http-clients": "^0.1.5",
            "@w3nest/webpm-client": "^0.1.5",
            "mkdocs-ts": "^0.5.3",
            "rx-vdom": "^0.1.3",
            "rxjs": "^7.5.6"
        },
        "exports": [
            {
                "aliases": [],
                "dependencies": [
                    "mkdocs-ts",
                    "@w3nest/webpm-client"
                ],
                "entryPoint": "./dist/Doc.js",
                "name": "./Doc",
                "stylesheets": []
            }
        ],
        "kind": "esm",
        "main": {
            "aliases": [],
            "dependencies": [
                "mkdocs-ts",
                "rx-vdom",
                "rxjs",
                "@w3nest/http-clients"
            ],
            "entryPoint": "./dist/@mkdocs-ts/code-api.js",
            "name": ".",
            "stylesheets": []
        }
    },
    "version": "0.2.3"
}