{"date": "2024-12-03T11:15:00.595439", "ywVersion": "0.1.13.dev", "files": [{"path": "package.json", "contentEncoding": "identity", "contentType": "application/json", "hash": "911ca1ad757c7cb6673e2a2d8c9bd858"}, {"path": "dist/webpack.config.d.ts", "contentEncoding": "identity", "contentType": "application/octet-stream", "hash": "7d1d390bf2a3052b887909ca262405df"}, {"path": "dist/bundle-analysis.html", "contentEncoding": "identity", "contentType": "text/html", "hash": "7b3e09104ddebdfdba08499af647eec9"}, {"path": "dist/rx-vdom.config.d.ts", "contentEncoding": "identity", "contentType": "application/octet-stream", "hash": "7b9bbb26486011c0190e337e116ef982"}, {"path": "src/index.ts", "contentEncoding": "identity", "contentType": "application/octet-stream", "hash": "8c789b080670953d57ecde88d57c35a7"}, {"path": "src/auto-generated.ts", "contentEncoding": "identity", "contentType": "application/octet-stream", "hash": "30d15ffd862bb21f117fc60b533551f3"}, {"path": "dist/@w3nest/rx-tree-views.js", "contentEncoding": "br", "contentType": "application/javascript;charset=UTF-8", "hash": "c91c91b2188365c1a6785d36c9177170"}, {"path": "dist/@w3nest/rx-tree-views.js.map", "contentEncoding": "br", "contentType": "application/javascript;charset=UTF-8", "hash": "b7ec73739874c2ee2423a0bfdb8ada09"}, {"path": "dist/src/index.d.ts", "contentEncoding": "identity", "contentType": "application/octet-stream", "hash": "840d0d8ecf3830638525759f250e3279"}, {"path": "dist/src/auto-generated.d.ts", "contentEncoding": "identity", "contentType": "application/octet-stream", "hash": "8d19791d617cb402b66d44ce1edae950"}, {"path": "dist/src/lib/object-js.view.d.ts", "contentEncoding": "identity", "contentType": "application/octet-stream", "hash": "c57aa77e4be861c191910f005e039324"}, {"path": "dist/src/lib/immutable-tree.view.d.ts", "contentEncoding": "identity", "contentType": "application/octet-stream", "hash": "e4bfa1c402421c50b6efd26e5fb6d6dd"}, {"path": "dist/src/lib/index.d.ts", "contentEncoding": "identity", "contentType": "application/octet-stream", "hash": "6d6f4b9f00368ad8a3f87280e21a72fc"}, {"path": "dist/src/tests/test.d.ts", "contentEncoding": "identity", "contentType": "application/octet-stream", "hash": "e2ebd7ddedcadeeadbf819c35985c768"}, {"path": "src/lib/index.ts", "contentEncoding": "identity", "contentType": "application/octet-stream", "hash": "c02fa64fe205675b3f42f639b3faf93b"}, {"path": "src/lib/immutable-tree.view.ts", "contentEncoding": "identity", "contentType": "application/octet-stream", "hash": "efd16a6967cc8b40995c4bb956f2ee49"}, {"path": "src/lib/object-js.view.ts", "contentEncoding": "identity", "contentType": "application/octet-stream", "hash": "542d46a3ef1d754a0d6539f232a69880"}, {"path": "dist/docs/hierarchy.html", "contentEncoding": "identity", "contentType": "text/html", "hash": "c2923c5407be71621fae43163bb5831f"}, {"path": "dist/docs/.nojekyll", "contentEncoding": "identity", "contentType": "application/octet-stream", "hash": "527ed13d9651065487492991875c804a"}, {"path": "dist/docs/index.html", "contentEncoding": "identity", "contentType": "text/html", "hash": "0054bd28d8fbdd27151cba466e771a62"}, {"path": "dist/docs/modules.html", "contentEncoding": "identity", "contentType": "text/html", "hash": "78232312ea29e6f5d6f1ab18bae91f15"}, {"path": "dist/docs/types/ImmutableTree.TDropAreaView.html", "contentEncoding": "identity", "contentType": "text/html", "hash": "0bbbf917a36d5e54ae17382ffb981a7e"}, {"path": "dist/docs/types/ImmutableTree.UpdatePropagationFct.html", "contentEncoding": "identity", "contentType": "text/html", "hash": "fce3aa967b3bb7fb0a539e92f24b9da1"}, {"path": "dist/docs/types/ImmutableTree.THeaderView.html", "contentEncoding": "identity", "contentType": "text/html", "hash": "0871742dd0aa65cd22b1d88e6381e8d7"}, {"path": "dist/docs/functions/ImmutableTree.find.html", "contentEncoding": "identity", "contentType": "text/html", "hash": "23e57c09e3de6a0a06a8f5ae6a3c72da"}, {"path": "dist/docs/functions/ImmutableTree.findResolved.html", "contentEncoding": "identity", "contentType": "text/html", "hash": "3694e8cf67f84155f965cf8210d05a23"}, {"path": "dist/docs/functions/ObjectJs.dataNodeHeaderView.html", "contentEncoding": "br", "contentType": "text/html", "hash": "6353c767f29d9fc43e2e4ecca68c2a71"}, {"path": "dist/docs/assets/icons.svg", "contentEncoding": "identity", "contentType": "image/svg+xml", "hash": "e2c2e52fb34309ec9cfed2962a0c67be"}, {"path": "dist/docs/assets/navigation.js", "contentEncoding": "br", "contentType": "application/javascript;charset=UTF-8", "hash": "d1291b7658b395cbb9cbe84320551e37"}, {"path": "dist/docs/assets/main.js", "contentEncoding": "br", "contentType": "application/javascript;charset=UTF-8", "hash": "1f8d88870eca4d2405707455cbc5aead"}, {"path": "dist/docs/assets/icons.js", "contentEncoding": "br", "contentType": "application/javascript;charset=UTF-8", "hash": "8f9d7b4778bd4ffe4929f0d6ed578cba"}, {"path": "dist/docs/assets/style.css", "contentEncoding": "br", "contentType": "text/css", "hash": "0ccde58a25676a9e8a437db205ea81b0"}, {"path": "dist/docs/assets/highlight.css", "contentEncoding": "br", "contentType": "text/css", "hash": "e73ffecd5103a9dfc260da62884a5a3d"}, {"path": "dist/docs/assets/search.js", "contentEncoding": "br", "contentType": "application/javascript;charset=UTF-8", "hash": "95424ba4d71f5c325b3ddc16c8c3d2a9"}, {"path": "dist/docs/modules/ImmutableTree.html", "contentEncoding": "identity", "contentType": "text/html", "hash": "9e35524d1ea2c98a2e4f023882b51615"}, {"path": "dist/docs/modules/ObjectJs.html", "contentEncoding": "identity", "contentType": "text/html", "hash": "c00e2990fcb125e70a669b13eb24f14f"}, {"path": "dist/docs/interfaces/ImmutableTree.AutoScrollMode.html", "contentEncoding": "identity", "contentType": "text/html", "hash": "94f92e158149891ae67f04828028bba8"}, {"path": "dist/docs/interfaces/ImmutableTree.Command.html", "contentEncoding": "identity", "contentType": "text/html", "hash": "3ca5cb993f32860b39d0f45032883ac5"}, {"path": "dist/docs/interfaces/ImmutableTree.TOptions.html", "contentEncoding": "identity", "contentType": "text/html", "hash": "021ce7a0a68d7ebcfb6e83e02754ba33"}, {"path": "dist/docs/classes/ImmutableTree.ReplaceAttributesCommand.html", "contentEncoding": "identity", "contentType": "text/html", "hash": "432e40ec11f889ce7ab51d6042369341"}, {"path": "dist/docs/classes/ObjectJs.ValueNode.html", "contentEncoding": "identity", "contentType": "text/html", "hash": "acc94f10535351fbf0cbff9367667d37"}, {"path": "dist/docs/classes/ImmutableTree.View.html", "contentEncoding": "identity", "contentType": "text/html", "hash": "6c08d72236074173725e514e0e40d29c"}, {"path": "dist/docs/classes/ObjectJs.StringNode.html", "contentEncoding": "identity", "contentType": "text/html", "hash": "c6f650c6080d28d1d87f00f53c2a0b7d"}, {"path": "dist/docs/classes/ImmutableTree.InsertChildCommand.html", "contentEncoding": "identity", "contentType": "text/html", "hash": "c1a96d8c4724f2048037f16b2f1b3527"}, {"path": "dist/docs/classes/ObjectJs.DataNode.html", "contentEncoding": "identity", "contentType": "text/html", "hash": "ab6795ea332f3a1eea9cb3d796351fe0"}, {"path": "dist/docs/classes/ImmutableTree.State.html", "contentEncoding": "identity", "contentType": "text/html", "hash": "d01615d7308a720f5d2c33fbc65e8e3c"}, {"path": "dist/docs/classes/ObjectJs.View.html", "contentEncoding": "identity", "contentType": "text/html", "hash": "d7555d128ed5f7e792189432066c296b"}, {"path": "dist/docs/classes/ImmutableTree.InitCommand.html", "contentEncoding": "identity", "contentType": "text/html", "hash": "694ae0006266ad7114146d0050c4feb5"}, {"path": "dist/docs/classes/ObjectJs.State.html", "contentEncoding": "identity", "contentType": "text/html", "hash": "9e27b1787ee43b77d07bed7e8fd51e2a"}, {"path": "dist/docs/classes/ImmutableTree.MoveNodeCommand.html", "contentEncoding": "identity", "contentType": "text/html", "hash": "90723ee11f03105bd50e877d6f8ac664"}, {"path": "dist/docs/classes/ObjectJs.NumberNode.html", "contentEncoding": "identity", "contentType": "text/html", "hash": "d15f7c1e70b36a1a62c12244cf7720e4"}, {"path": "dist/docs/classes/ImmutableTree.Node.html", "contentEncoding": "identity", "contentType": "text/html", "hash": "8143cc01aa21e905f9a76f7875f28919"}, {"path": "dist/docs/classes/ImmutableTree.RemoveNodeCommand.html", "contentEncoding": "identity", "contentType": "text/html", "hash": "004c2feb0fb4df21aaa02ac5c198e11b"}, {"path": "dist/docs/classes/ObjectJs.ObjectNode.html", "contentEncoding": "identity", "contentType": "text/html", "hash": "20325367b3deeda262ce9326eba7589b"}, {"path": "dist/docs/classes/ObjectJs.UnknownNode.html", "contentEncoding": "identity", "contentType": "text/html", "hash": "5bc7458383b6d8481278dd38129b30f6"}, {"path": "dist/docs/classes/ImmutableTree.AddChildCommand.html", "contentEncoding": "identity", "contentType": "text/html", "hash": "3b5dfa4c729ad4120302b2e10e89697c"}, {"path": "dist/docs/classes/ObjectJs.UndefinedNode.html", "contentEncoding": "identity", "contentType": "text/html", "hash": "b5b3f3e577dd650d7aa5894618c57da1"}, {"path": "dist/docs/classes/ObjectJs.BoolNode.html", "contentEncoding": "identity", "contentType": "text/html", "hash": "c4fab6308cb951843c72939567ccb835"}, {"path": "dist/docs/classes/ImmutableTree.ReplaceNodeCommand.html", "contentEncoding": "identity", "contentType": "text/html", "hash": "0d68b51d3774d4093904cb1c1f046b9d"}, {"path": "dist/docs/classes/ObjectJs.ArrayBufferNode.html", "contentEncoding": "identity", "contentType": "text/html", "hash": "b1e6b5d2c2113f43e0e46b102515bf1c"}, {"path": "dist/docs/classes/ImmutableTree.Updates.html", "contentEncoding": "identity", "contentType": "text/html", "hash": "ac801ba772f67d189372c4efa0b35f5c"}, {"path": "dist/docs/classes/ObjectJs.FunctionNode.html", "contentEncoding": "identity", "contentType": "text/html", "hash": "e7d0f4c5421ebbac5823d0596bf09bbb"}, {"path": "dist/docs/classes/ObjectJs.ArrayNode.html", "contentEncoding": "identity", "contentType": "text/html", "hash": "5495b68fb859adac7c881cc61f957203"}, {"path": "dist/docs/variables/setup.html", "contentEncoding": "identity", "contentType": "text/html", "hash": "4e450723afe9b619fdbbe3b416b2df60"}, {"path": "coverage/coverage-final.json", "contentEncoding": "identity", "contentType": "application/json", "hash": "93032421edbeeb55e27aa38c29888579"}, {"path": "coverage/clover.xml", "contentEncoding": "identity", "contentType": "application/octet-stream", "hash": "a6f2bec18fa0a9e37d9d349a52409960"}, {"path": "coverage/lcov.info", "contentEncoding": "identity", "contentType": "application/octet-stream", "hash": "71d8081b4468b068ac27c57f802f65d9"}, {"path": "coverage/lcov-report/block-navigation.js", "contentEncoding": "br", "contentType": "application/javascript;charset=UTF-8", "hash": "e3e16775ec854aa3ef7fadd09056943c"}, {"path": "coverage/lcov-report/prettify.css", "contentEncoding": "br", "contentType": "text/css", "hash": "31f0c9da5ac09f2563cab46ebc6e445a"}, {"path": "coverage/lcov-report/prettify.js", "contentEncoding": "br", "contentType": "application/javascript;charset=UTF-8", "hash": "6051903a2f7363ee232a01bd32f60b6a"}, {"path": "coverage/lcov-report/base.css", "contentEncoding": "br", "contentType": "text/css", "hash": "899ea8483c28270ca7835460bdd4da33"}, {"path": "coverage/lcov-report/sort-arrow-sprite.png", "contentEncoding": "identity", "contentType": "image/png", "hash": "fd08a5625d21e34b1d6d9c026f2728a9"}, {"path": "coverage/lcov-report/favicon.png", "contentEncoding": "identity", "contentType": "image/png", "hash": "8c814a46f24208d0bc459bb2cf8b7b88"}, {"path": "coverage/lcov-report/sorter.js", "contentEncoding": "br", "contentType": "application/javascript;charset=UTF-8", "hash": "24cab317b3dc4f1852a276d6152ac6fe"}, {"path": "coverage/lcov-report/index.html", "contentEncoding": "identity", "contentType": "text/html", "hash": "5f32fdc25fa5d43b470647015fc5bdcb"}, {"path": "coverage/lcov-report/src/auto-generated.ts.html", "contentEncoding": "identity", "contentType": "text/html", "hash": "bffb2e5cbdcaca042fa8b27c0a9db217"}, {"path": "coverage/lcov-report/src/index.ts.html", "contentEncoding": "identity", "contentType": "text/html", "hash": "b29cb3ef91e9b57a89a22f395fc97ec6"}, {"path": "coverage/lcov-report/src/index.html", "contentEncoding": "identity", "contentType": "text/html", "hash": "6bb25d2f54bddcf59e839bf3c99954c5"}, {"path": "coverage/lcov-report/src/lib/immutable-tree.view.ts.html", "contentEncoding": "identity", "contentType": "text/html", "hash": "6d292b9c714c980be966232a8035792b"}, {"path": "coverage/lcov-report/src/lib/index.ts.html", "contentEncoding": "identity", "contentType": "text/html", "hash": "99b871f426f31ef8e1696f16cf6ce418"}, {"path": "coverage/lcov-report/src/lib/index.html", "contentEncoding": "identity", "contentType": "text/html", "hash": "5e9cd1fbfa1e549d77a4e2c2c2560e9f"}, {"path": "coverage/lcov-report/src/lib/object-js.view.ts.html", "contentEncoding": "identity", "contentType": "text/html", "hash": "9783307ba6e55ce524ba77df0bed7c57"}]}