{
    "date": "2025-03-20T11:03:11.671633",
    "files": [
        {
            "contentEncoding": "br",
            "contentType": "text/markdown",
            "hash": "88dc7cdf100943dfe5bfd5a3468d23cf",
            "path": "README.md"
        },
        {
            "contentEncoding": "br",
            "contentType": "image/svg+xml",
            "hash": "b11a09613a0495d7f0ddd5f16050cde9",
            "path": "assets/Python-logo-notext.svg"
        },
        {
            "contentEncoding": "br",
            "contentType": "image/svg+xml",
            "hash": "3c25552ebb0d1e4131e76ed5b515d148",
            "path": "assets/fa-thumbtack.svg"
        },
        {
            "contentEncoding": "br",
            "contentType": "image/svg+xml",
            "hash": "11e4cc745e88d3b75d935323e16c7eff",
            "path": "assets/fa-cog.svg"
        },
        {
            "contentEncoding": "br",
            "contentType": "image/svg+xml",
            "hash": "60c31aeffb2628de653d5253a828b6a5",
            "path": "assets/favicon.svg"
        },
        {
            "contentEncoding": "br",
            "contentType": "image/svg+xml",
            "hash": "8940ff6aab6623eed12df0883ea22ea9",
            "path": "assets/fa-css3-alt.svg"
        },
        {
            "contentEncoding": "br",
            "contentType": "image/svg+xml",
            "hash": "2cecdb061ba9eab1aaa7050e1c266b1a",
            "path": "assets/fa-network-wired.svg"
        },
        {
            "contentEncoding": "br",
            "contentType": "text/markdown",
            "hash": "76d355c4bbc6bfe5adc30f5d4313d558",
            "path": "assets/indexAPIdoc.md"
        },
        {
            "contentEncoding": "br",
            "contentType": "text/css",
            "hash": "8a0cc30ba22af454f418af04a05f8d87",
            "path": "assets/style.css"
        },
        {
            "contentEncoding": "identity",
            "contentType": "image/png",
            "hash": "37399689c0b837b114e37ed51cb32902",
            "path": "assets/JavaScript-logo.png"
        },
        {
            "contentEncoding": "br",
            "contentType": "application/json",
            "hash": "cecfd563c18c5cb0d69346807838263e",
            "path": "package.json"
        },
        {
            "contentEncoding": "br",
            "contentType": "application/octet-stream",
            "hash": "54ffaaf3857d62be0069a3d60a0c2a93",
            "path": "dist/testUtils.js.map"
        },
        {
            "contentEncoding": "br",
            "contentType": "text/vnd.trolltech.linguist",
            "hash": "bf3ce55798f9d3deeb7e3c421efe098e",
            "path": "dist/webpack.config.d.ts"
        },
        {
            "contentEncoding": "br",
            "contentType": "text/javascript",
            "hash": "f85c65ab6ec7861944c23782aafebbc3",
            "path": "dist/views.js"
        },
        {
            "contentEncoding": "br",
            "contentType": "text/html",
            "hash": "8037006f7b78abd355424782ed9419e3",
            "path": "dist/bundle-analysis-testUtils.html"
        },
        {
            "contentEncoding": "br",
            "contentType": "application/octet-stream",
            "hash": "6b2ca37cf5affe0bb5bf862e11d71194",
            "path": "dist/views.js.map"
        },
        {
            "contentEncoding": "br",
            "contentType": "text/html",
            "hash": "eb541657aafa7c9712fc8450d5ae90cd",
            "path": "dist/bundle-analysis.html"
        },
        {
            "contentEncoding": "br",
            "contentType": "text/vnd.trolltech.linguist",
            "hash": "55fa73bad08c7fcd2272b0e23e005ac3",
            "path": "dist/jest.config.d.ts"
        },
        {
            "contentEncoding": "br",
            "contentType": "text/html",
            "hash": "09d942aedac68ed048b7928ffdfaf4c1",
            "path": "dist/bundle-analysis-workersPool.html"
        },
        {
            "contentEncoding": "br",
            "contentType": "text/html",
            "hash": "f9943fbcfb0e71988dc32c1badfd41ce",
            "path": "dist/bundle-analysis-views.html"
        },
        {
            "contentEncoding": "br",
            "contentType": "text/javascript",
            "hash": "50f0c7f2814bb0ba2d9b88432e61fc02",
            "path": "dist/workersPool.js"
        },
        {
            "contentEncoding": "br",
            "contentType": "text/vnd.trolltech.linguist",
            "hash": "7cf59dde4e5209d325990673bb8dae44",
            "path": "dist/rx-vdom.config.d.ts"
        },
        {
            "contentEncoding": "br",
            "contentType": "text/javascript",
            "hash": "80422848227026b5ad639b8bca55df17",
            "path": "dist/testUtils.js"
        },
        {
            "contentEncoding": "br",
            "contentType": "application/octet-stream",
            "hash": "17179105e1172a30e7dac01b374236f9",
            "path": "dist/workersPool.js.map"
        },
        {
            "contentEncoding": "br",
            "contentType": "text/javascript",
            "hash": "9b4bc0e720baa39516d730c8b8468022",
            "path": "dist/@w3nest/webpm-client.js"
        },
        {
            "contentEncoding": "br",
            "contentType": "application/octet-stream",
            "hash": "5f68aae9558a85ce7d4715c33d8c5d44",
            "path": "dist/@w3nest/webpm-client.js.map"
        }
    ],
    "fingerprint": "996f74aafd5af2de2d0be9eea7d08ee8",
    "w3Version": "0.1.13.dev"
}