{
    "distribution": {
        "artifacts": [
            "dist"
        ],
        "files": {
            "ignore": [],
            "include": [
                "assets/*",
                "README.md"
            ]
        }
    },
    "metadata": {
        "description": "Library for dynamic npm's libraries installation from W3 Nest ecosystem.",
        "displayName": null,
        "documentation": "/apps/@webpm-client/doc/0.1.5-wip",
        "icon": "/assets/favicon.svg",
        "license": null,
        "readme": "/README.md"
    },
    "name": "@w3nest/webpm-client",
    "specification": {
        "dependencies": {
            "@w3nest/http-clients": "^0.1.5",
            "rx-vdom": "^0.1.3",
            "rxjs": "^7.5.6"
        },
        "exports": [
            {
                "aliases": [],
                "dependencies": [
                    "rxjs"
                ],
                "entryPoint": "./dist/workersPool.js",
                "name": "./workersPool",
                "stylesheets": []
            },
            {
                "aliases": [],
                "dependencies": [],
                "entryPoint": "./dist/testUtils.js",
                "name": "./testUtils",
                "stylesheets": []
            },
            {
                "aliases": [],
                "dependencies": [
                    "rxjs",
                    "rx-vdom"
                ],
                "entryPoint": "./dist/views.js",
                "name": "./views",
                "stylesheets": []
            }
        ],
        "kind": "esm",
        "main": {
            "aliases": [
                "webpm"
            ],
            "dependencies": [],
            "entryPoint": "./dist/@w3nest/webpm-client.js",
            "name": ".",
            "stylesheets": []
        }
    },
    "version": "0.1.5-wip"
}